code,name,market,signalDate,drawdownPct,leaderScore,leaderGrade,rs20,risk,stabilize,liquidityScore,entryPrice,r3,r5,r10,r20,mfe,mae,excessPct,scoutStatus,reboundState,rankingTier,signalsForThisCodeInBucket
065350,신성델타테크,KOSDAQ,20251031,-63.07,2.5,D,14,45,53,0,,4.125716878402904,-0.4114882032667886,-1.6819056261342977,3.39976406533575,7.803992740471877,-3.992740471869327,-2.61,하락 정지 확인,stopped,2,14
086520,에코프로,KOSDAQ,20251031,-61.96,90.4,A,96,25,100,14,,1.739365426695835,-4.059321663019691,-3.7310940919037225,1.5205470459518557,12.035010940919033,-9.29978118161926,-4.66,1차 매수 검토,ready,3,2
420770,기가비스,KOSDAQ,20251031,-62.76,65.3,C,5,45,64,0,,-0.08590778097983567,-2.1031988472622474,-7.72279538904899,1.499106628242083,6.628242074927959,-8.933717579250722,-8.66,하락 정지 확인,stopped,2,4
028300,HLB,KOSDAQ,20251103,-60.97,23.8,D,67,30,94,2,,-14.925340501792121,-12.595591397849462,-14.925340501792121,-9.369784946236562,5.197132616487465,-15.77060931899642,-11.65,1차 매수 검토,ready,3,8
065350,신성델타테크,KOSDAQ,20251117,-63.41,4.8,D,38,45,51,0,,-1.1525092250922495,-0.41450184501844767,6.596568265682664,9.179594095940953,9.040590405904059,-7.380073800738007,0.41,하락 정지 확인,stopped,2,14
420770,기가비스,KOSDAQ,20251117,-60.37,63.1,C,24,45,31,8,,-4.248547140649154,4.715904173106652,7.961653786707874,-3.6303091190108137,11.128284389489963,-5.564142194744981,1.78,정찰병 1주,falling,2,4
028300,HLB,KOSDAQ,20251118,-60.6,33.5,D,59,30,75,0,,-6.592672322375396,-1.2904453870625696,2.8452916224814353,-1.7146235418875975,7.9533404029692445,-6.468716861081658,-6.01,1차 매수 검토,ready,3,8
065350,신성델타테크,KOSDAQ,20251202,-60.98,18.7,D,62,30,63,10,,21.725403087478565,8.860909090909082,-0.23,-0.23,33.27615780445969,-0.5145797598627766,-0.89,하락 정지 확인,stopped,2,14
028300,HLB,KOSDAQ,20251204,-60.02,41.1,D,34,45,66,0,,0.9051909184726505,-0.9523942208462342,-4.564365325077395,11.844303405572761,3.0959752321981338,-6.398348813209498,-6.49,하락 정지 확인,stopped,2,8
420770,기가비스,KOSDAQ,20251215,-61.05,44.2,D,40,45,47,0,,-5.418679245283023,-3.0601886792452824,-0.5444654088050314,44.42408805031446,1.2578616352201255,-6.2893081761006275,-8.27,하락 정지 확인,stopped,6,4
065350,신성델타테크,KOSDAQ,20251217,-60.71,28.2,D,71,30,74,8,,4.3963345195729495,1.9052313167259718,2.4390391459074814,5.286014234875443,8.007117437722421,-1.245551601423489,-11.54,1차 매수 검토,ready,3,14
028300,HLB,KOSDAQ,20251219,-61.63,38.4,D,35,45,48,0,,-1.4102575107296098,8.782875536480692,9.2120600858369,13.933090128755362,20.171673819742498,-1.5021459227467782,1.21,하락 정지 확인,stopped,2,8
078600,대주전자재료,KOSDAQ,20251230,-60.31,8.2,D,4,60,9,2,,-5.2614465408805025,-6.047610062893087,-6.833773584905659,18.952389937106926,0.15723270440251014,-7.389937106918243,-13.3,정찰병 1주,falling,4,3
420770,기가비스,KOSDAQ,20260102,-60.86,33.6,D,13,45,64,25,,2.552071097372496,4.252225656877902,59.584528593508516,57.729814528593515,66.61514683153014,-2.6275115919629055,55.68,하락 정지 확인,stopped,2,4
065350,신성델타테크,KOSDAQ,20260106,-61.12,29.1,D,28,45,54,0,,-6.285363321799313,1.327093425605527,-0.922041522491349,28.31671280276817,7.093425605536341,-7.958477508650519,-3.68,하락 정지 확인,stopped,2,14
078600,대주전자재료,KOSDAQ,20260116,-62.87,1.1,D,3,45,28,6,,14.079764309764316,27.884478114478114,27.211077441077443,59.19760942760943,38.04713804713804,-0.6734006734006703,2.74,정찰병 1주,early,2,3
065350,신성델타테크,KOSDAQ,20260121,-61.32,25,D,39,45,80,4,,16.725017301038054,34.545086505190326,19.6661937716263,26.759619377162622,43.59861591695502,0,-4.9,하락 정지 확인,stopped,2,14
028300,HLB,KOSDAQ,20260304,-62.17,36.9,D,17,55,43,7,,2.522293577981657,-0.3319367991845099,5.172650356778804,3.9494087665647295,7.441386340468914,-2.956167176350666,-8.08,정찰병 1주,early,6,8
065350,신성델타테크,KOSDAQ,20260304,-62.33,36.1,D,20,55,47,8,,6.403499170812595,6.071824212271967,5.242636815920406,-11.009436152570476,19.402985074626855,-4.643449419568824,-8.01,정찰병 1주,early,6,14
065350,신성델타테크,KOSDAQ,20260325,-60.31,35,D,7,45,40,3,,-5.756770293609673,-7.138462867012089,-5.238635578583764,3.569654576856648,1.5544041450777257,-8.635578583765113,0.29,정찰병 1주,early,2,14
214450,파마리서치,KOSDAQ,20260407,-60.27,4.1,D,39,30,32,0,,0.4502721088435382,1.3006122448979665,3.0012925170068008,15.756394557823135,9.353741496598644,-2.2108843537414935,-9.45,관찰 목록,falling,3,3
065350,신성델타테크,KOSDAQ,20260409,-62.94,16.3,D,26,45,46,0,,7.407655417406752,6.697175843694488,6.164316163410307,-9.64385435168739,14.03197158081706,-3.019538188277082,-7.99,하락 정지 확인,stopped,2,14
000250,삼천당제약,KOSDAQ,20260422,-65.96,52.5,C,0,55,25,33,,11.253870967741927,6.9958064516129035,5.447419354838719,-6.681612903225812,18.58064516129032,-4.9032258064516165,0.5,정찰병 1주,falling,6,6
000250,삼천당제약,KOSDAQ,20260511,-65.41,30.2,D,1,55,40,1,,-6.39686819830713,-11.838222490931075,-15.223954050785974,-36.626614268440136,8.343409915356714,-20.193470374848854,-12.42,정찰병 1주,early,4,6
065350,신성델타테크,KOSDAQ,20260518,-61.87,2.3,D,8,45,42,3,,6.509130434782603,0.31347826086955655,-4.903913043478262,-12.512608695652176,12.173913043478258,-8.695652173913048,-3.73,정찰병 1주,early,2,14
028300,HLB,KOSDAQ,20260520,-60.6,30.5,D,12,45,25,0,,5.909438085327775,5.493204994797082,0.290291363163361,5.493204994797082,17.377731529656604,-2.809573361082207,13.37,정찰병 1주,falling,2,8
000250,삼천당제약,KOSDAQ,20260527,-70.31,30.9,D,30,45,41,2,,-14.556241134751772,-17.393120567375888,-26.045602836879436,-40.51368794326241,8.226950354609919,-35.035460992907794,-22.06,정찰병 1주,early,2,6
293490,카카오게임즈,KOSDAQ,20260528,-60,2.8,D,20,60,1,0,,3.497369542066028,-6.087294994675188,-2.9989030883919052,-17.375899893503725,5.111821086261981,-12.566560170394037,-0.33,정찰병 1주,falling,4,4
140410,메지온,KOSDAQ,20260529,-62.07,10.2,D,8,45,30,7,,-4.831226993865027,-5.137975460122705,-1.9171165644171793,-7.131840490797551,4.294478527607359,-12.269938650306745,-1.58,정찰병 1주,falling,2,4
065350,신성델타테크,KOSDAQ,20260604,-63.97,3.8,D,17,45,40,10,,-11.059493087557607,-5.41433179723502,-8.755345622119819,-32.02723502304147,1.1520737327188835,-13.940092165898621,-4.18,정찰병 1주,early,2,14
214450,파마리서치,KOSDAQ,20260608,-63.57,10.2,D,50,30,45,1,,10.923846153846158,13.231538461538458,7.462307692307687,30.731538461538463,19.42307692307692,-0.9615384615384581,8.59,하락 정지 확인,stopped,6,3
298380,에이비엘바이오,KOSDAQ,20260608,-63.91,2.7,D,26,45,40,15,,2.824298642533926,11.421583710407242,3.9555203619909576,5.991719457013574,29.52488687782806,-3.167420814479638,5.09,정찰병 1주,early,6,4
475830,오름테라퓨틱,KOSDAQ,20260608,-61.8,2.7,D,13,70,25,27,,24.12897435897436,16.436666666666675,3.066703296703307,-7.189706959706958,40.842490842490854,-2.7472527472527486,4.2,추가매수 금지,risk,6,4
476830,알지노믹스,KOSDAQ,20260608,-62.8,,계산불가,1,70,15,22,,4.656363636363633,15.110909090909082,-7.048181818181824,-20.457272727272727,26.818181818181806,-6.818181818181824,-5.92,추가매수 금지,risk,6,4
000250,삼천당제약,KOSDAQ,20260612,-77.91,22,D,4,55,40,1,,1.118747591522148,-7.166416184971095,-8.322485549132944,-28.977591522158,13.294797687861282,-21.001926782273607,2.64,정찰병 1주,early,4,6
293490,카카오게임즈,KOSDAQ,20260615,-61.15,5.1,D,27,45,19,0,,-2.7742477876106206,-3.6592035398230114,-14.389292035398231,-12.508761061946908,26.65929203539823,-25,-4.98,정찰병 1주,falling,2,4
140410,메지온,KOSDAQ,20260616,-62.88,8.4,D,37,45,45,7,,-6.314243369734788,-7.406287051482056,-4.130156006240252,-14.426567862714505,4.056162246489858,-14.97659906396256,1.88,하락 정지 확인,stopped,2,4
100790,미래에셋벤처투자,KOSDAQ,20260618,-62.17,49.9,D,0,55,40,41,,-19.869278557114225,-27.684909819639284,-27.644829659318642,-46.8432264529058,0.6012024048096087,-32.46492985971944,-15.26,관찰 목록,early,6,3
065350,신성델타테크,KOSDAQ,20260619,-67.38,5.6,D,35,45,62,9,,-8.691538461538466,-13.05051282051282,-24.332564102564106,-33.17871794871795,5.641025641025643,-30.76923076923077,-13.7,하락 정지 확인,stopped,2,14
090710,휴림로봇,KOSDAQ,20260623,-60,24.6,D,33,45,42,32,,-5.457272727272725,-8.41181818181818,-26.139090909090903,-17.616363636363634,3.295454545454546,-26.81818181818182,-13.15,관찰 목록,early,6,3
214450,파마리서치,KOSDAQ,20260623,-60.62,15,D,80,30,87,13,,24.412857142857145,30.662857142857145,16.55571428571429,28.34142857142858,35.17857142857144,-1.4285714285714235,29.54,1차 매수 검토,ready,3,3
298380,에이비엘바이오,KOSDAQ,20260623,-62.48,4.9,D,40,30,66,14,,15.262957746478875,9.737497291440953,-11.93097508125677,-19.731625135427947,17.334777898158183,-13.3261105092091,1.06,관찰 목록,ready,6,4
347700,스피어,KOSDAQ,20260623,-62.58,24.2,D,1,55,40,35,,3.8088548057259666,43.17490797546013,-4.371104294478526,-3.3486094069529657,53.11860940695296,-15.644171779141104,8.62,관찰 목록,early,6,3
475830,오름테라퓨틱,KOSDAQ,20260623,-60.75,5.6,D,48,55,51,21,,13.273649635036495,5.244452554744524,-13.45992700729927,-13.186204379562042,15.693430656934314,-16.423357664233574,-0.47,관찰 목록,early,6,4
476830,알지노믹스,KOSDAQ,20260623,-65.25,,계산불가,3,85,20,17,,9.415909645909656,7.218107448107443,-22.3301221001221,-30.87713064713065,18.43711843711844,-23.56532356532357,-9.34,추가매수 금지,risk,6,4
491000,리브스메드,KOSDAQ,20260623,-60.73,,계산불가,2,70,2,16,,10.881111111111116,3.426821378340358,-3.1835864978902926,7.786877637130793,15.33052039381153,-11.251758087201125,9.81,추가매수 금지,risk,6,3
099320,쎄트렉아이,KOSDAQ,20260625,-60.33,19.3,D,4,45,40,7,,11.81819277108433,3.0230120481927716,5.9145783132530125,-9.627590361445785,14.819277108433738,-11.204819277108435,10.66,정찰병 1주,early,6,3
032820,우리기술,KOSDAQ,20260626,-61.88,35.3,D,30,55,40,34,,0.48620411817368003,4.06722470904208,-4.5272247090420805,-19.38846016114593,15.487914055505826,-12.35452103849597,2.33,관찰 목록,early,6,3
115180,큐리언트,KOSDAQ,20260626,-61.32,4.3,D,19,55,25,3,,6.335656565656574,2.0427272727272707,-9.775454545454547,-14.77545454545455,19.191919191919183,-12.62626262626263,-2.92,관찰 목록,falling,6,3
000250,삼천당제약,KOSDAQ,20260629,-79.86,17.6,D,11,55,40,14,,-9.552033898305083,-15.060508474576277,-23.95881355932204,-46.628305084745755,1.6949152542372836,-26.65254237288136,-8.7,정찰병 1주,early,6,6
293490,카카오게임즈,KOSDAQ,20260630,-66.98,5.6,D,37,70,18,5,,-3.609224030037542,2.398285356695881,-2.607972465581979,-6.362665832290363,9.511889862327916,-5.882352941176472,7.91,추가매수 금지,risk,6,4
140410,메지온,KOSDAQ,20260701,-64.33,14.4,D,61,30,42,0,,-5.630981996726673,-10.704631751227492,-13.650621931260224,-3.666988543371522,6.710310965630106,-24.959083469721765,0.19,정찰병 1주,early,2,4
030530,원익홀딩스,KOSDAQ,20260702,-61.93,5.2,D,22,55,40,1,,-11.147979359043994,1.834095600217275,-15.819353612167301,7.646154263986956,12.982074959261269,-16.132536664856055,-0.79,관찰 목록,early,6,2
100790,미래에셋벤처투자,KOSDAQ,20260703,-73.13,26,D,1,55,40,9,,-17.979863462588746,-16.12295466957946,-27.428252321135997,-21.092916439104318,3.659202621518287,-29.601310759148003,-13.01,정찰병 1주,early,4,3
010170,대한광통신,KOSDAQ,20260706,-61.07,45.3,D,3,40,40,34,,12.471252236135962,-1.3927906976744207,-9.97955277280859,7.730644007155637,21.19856887298748,-19.23076923076923,2.04,관찰 목록,early,6,2
043260,성호전자,KOSDAQ,20260706,-60.06,25.8,D,1,55,40,32,,7.033922518159815,-11.029031476997579,-13.014503631961265,-8.220314769975781,10.895883777239712,-25.32687651331719,-0.99,관찰 목록,early,4,2
065350,신성델타테크,KOSDAQ,20260706,-75.68,2,D,12,55,23,8,,-13.337511045655374,-18.49215022091311,-23.646789396170835,-6.415567010309279,3.092783505154628,-26.36229749631811,-11.62,정찰병 1주,falling,4,14
001440,대한전선,KOSPI,20260708,-61,35.5,D,8,55,40,18,,-0.9392198581560294,-2.003049645390068,-0.5846099290780091,-4.130709219858156,11.702127659574458,-13.120567375886527,0.24,정찰병 1주,early,6,2
038500,삼표시멘트,KOSDAQ,20260708,-61.53,24.2,D,29,45,40,13,,0.29631578947368586,-0.3615789473684159,-2.861578947368418,3.7173684210526328,14.868421052631575,-9.078947368421053,3.24,정찰병 1주,early,6,2
090710,휴림로봇,KOSDAQ,20260708,-69.67,6.3,D,5,55,40,12,,0.6902453987730008,-2.223865030674846,0.3834969325153339,6.825214723926384,21.47239263803682,-10.73619631901841,6.48,정찰병 1주,early,6,3
214370,케어젠,KOSDAQ,20260708,-60.49,12.9,D,53,40,37,9,,5.503558178752118,3.81721753794266,-4.614485666104555,11.068482293423273,15.00843170320405,-11.804384485666109,1.48,관찰 목록,early,6,2
272210,한화시스템,KOSPI,20260708,-60.11,17.4,D,4,55,42,4,,-3.1757364341085257,1.3203875968992276,5.506434108527133,9.382403100775202,13.33333333333333,-8.372093023255811,6.33,관찰 목록,early,6,2
298380,에이비엘바이오,KOSDAQ,20260708,-66.8,8,D,67,40,65,2,,-8.604384236453203,-7.126551724137935,-11.067438423645319,6.420246305418727,5.418719211822665,-17.364532019704438,-4.97,하락 정지 확인,stopped,6,4
323280,태성,KOSDAQ,20260708,-61.04,9.7,D,17,55,40,5,,-1.3728571428571454,5.34142857142856,-9.515714285714287,11.055714285714277,16.57142857142857,-12.857142857142856,-3.42,관찰 목록,early,6,2
347700,스피어,KOSDAQ,20260708,-64.69,19.4,D,7,55,60,10,,7.9365765278528855,1.9333315305570555,-7.801660356949705,24.431979448350468,20.876149269875597,-7.73391022174148,-1.7,관찰 목록,early,6,3
475830,오름테라퓨틱,KOSDAQ,20260708,-66.91,6.3,D,34,70,28,0,,-6.493048016701467,-5.449206680584554,-5.240438413361174,28.997557411273498,5.427974947807934,-18.058455114822547,0.86,추가매수 금지,risk,6,4
476830,알지노믹스,KOSDAQ,20260708,-72.97,,계산불가,20,85,15,7,,-8.41619582664526,1.054109149277679,-14.51571428571429,3.7828410914927804,11.07544141252006,-20.86677367576244,-8.42,추가매수 금지,risk,6,4
491000,리브스메드,KOSDAQ,20260708,-62.21,,계산불가,59,55,22,0,,4.987391304347818,9.480144927536234,7.0163768115942124,33.68304347826088,30.57971014492753,-0.5797101449275366,13.12,정찰병 1주,falling,6,3
377300,카카오페이,KOSPI,20260709,-60.07,5.6,D,34,30,48,8,,7.329681697612741,5.075039787798415,18.4702652519894,17.011379310344818,22.546419098143232,-0.3978779840848823,19.62,하락 정지 확인,stopped,2,1
028300,HLB,KOSDAQ,20260710,-61.8,13.5,D,49,55,43,13,,19.22854483925551,2.646480541455151,2.646480541455151,41.73277495769883,36.88663282571911,-18.274111675126903,21.73,정찰병 1주,falling,6,8
087010,펩트론,KOSDAQ,20260710,-71.09,0.7,D,2,55,25,52,,9.12779816513762,-2.707064220183489,30.962660550458704,68.9443119266055,35.96330275229358,-10.09174311926605,50.05,정찰병 1주,falling,6,2
032820,우리기술,KOSDAQ,20260713,-63.52,31.7,D,37,55,26,9,,-14.663962264150946,-6.079056603773584,-24.00358490566037,8.260566037735858,5.283018867924527,-29.71698113207547,-4.23,관찰 목록,falling,4,3
099320,쎄트렉아이,KOSDAQ,20260713,-63.55,5.8,D,40,40,28,0,,-4.85724935732648,0.2841388174807249,-21.438226221079695,5.425526992287907,10.53984575835476,-28.277634961439592,-1.66,정찰병 1주,falling,6,3
115180,큐리언트,KOSDAQ,20260713,-64.81,5.3,D,30,55,27,9,,-9.596236679753225,-7.745423443634328,-15.316932136848008,34.094172742568716,5.5524397083567045,-19.629837352776224,4.46,관찰 목록,falling,4,3
000250,삼천당제약,KOSDAQ,20260714,-84.8,5.7,D,31,55,40,7,,-7.6251434878587245,-8.563333333333338,-28.54125827814569,4.516136865342154,40.17660044150111,-33.774834437086085,-4.95,정찰병 1주,early,4,6
085660,차바이오텍,KOSDAQ,20260714,-61.51,8.6,D,46,45,6,1,,-6.080487540628392,-3.15524377031419,-13.231083423618632,2.5869014084507005,4.7670639219935085,-17.65980498374865,10.36,정찰병 1주,falling,6,1
218410,RFHIC,KOSDAQ,20260714,-60.22,25.9,D,4,55,27,14,,-4.725614035087714,5.4717543859649185,-22.817719298245613,18.84894736842106,14.035087719298245,-23.903508771929825,0.77,관찰 목록,falling,4,1
310210,보로노이,KOSDAQ,20260714,-60.14,8.4,D,41,40,42,25,,-13.494604810996561,-8.477422680412376,-30.951649484536084,23.962439862542958,6.116838487972509,-32.98969072164949,-7.36,관찰 목록,early,4,1
293490,카카오게임즈,KOSDAQ,20260715,-66.81,10.7,D,66,40,69,0,,-4.348404118404118,-1.7744015444015413,2.3440025740025763,,4.118404118404118,-9.909909909909908,17.06,하락 정지 확인,stopped,2,4
083650,비에이치아이,KOSDAQ,20260716,-61.05,5.1,D,16,55,40,6,,13.40088057901085,6.887008443908323,2.665054282267795,,14.475271411338952,-20.024125452352227,7.95,관찰 목록,early,6,1
140410,메지온,KOSDAQ,20260716,-69.37,10.5,D,62,30,40,0,,3.299411764705892,18.593529411764706,27.8092156862745,,31.56862745098039,-3.627450980392155,33.1,정찰병 1주,early,2,4
437730,삼현,KOSDAQ,20260716,-60.38,4.2,D,10,55,40,0,,33.16191564147628,17.168945518453423,42.300755711775054,,50.96660808435853,-8.96309314586995,47.59,관찰 목록,early,6,1
011070,LG이노텍,KOSPI,20260720,-60.65,53.9,C,0,30,27,2,,3.7633444259567352,-14.705873544093176,-12.87559068219634,,16.139767054908493,-30.78202995008319,-15.96,관찰 목록,falling,6,1
030530,원익홀딩스,KOSDAQ,20260720,-68.09,3.8,D,14,55,29,7,,5.78163542340013,-3.7852682611506125,31.638131868131865,,37.362637362637365,-14.608920491273436,26.05,정찰병 1주,falling,6,2
047040,대우건설,KOSPI,20260720,-60.86,34.1,D,17,40,40,12,,7.289325368938867,-5.851925509487003,6.58658468025299,,15.952213633169364,-22.13633169360506,3.51,관찰 목록,early,4,1
058610,에스피지,KOSDAQ,20260720,-60.4,8.3,D,42,40,41,6,,16.003766233766246,10.159610389610393,76.39337662337661,,86.68831168831169,-0.9740259740259716,70.8,관찰 목록,early,6,1
078600,대주전자재료,KOSDAQ,20260720,-60.83,29.7,D,22,55,31,0,,5.232184873949582,-5.55212885154062,19.097731092436973,,24.649859943977592,-17.226890756302527,13.5,정찰병 1주,falling,6,3
086520,에코프로,KOSDAQ,20260720,-60.27,7.2,D,17,55,44,0,,8.39308762169681,0.8826564673157091,13.817287899860915,,17.94158553546592,-11.821974965229487,8.22,정찰병 1주,early,6,2
101490,에스앤에스텍,KOSDAQ,20260720,-62.32,4.5,D,26,55,29,1,,-3.007777777777779,-0.4825252525252486,5.578080808080817,,8.585858585858585,-19.444444444444443,-0.01,정찰병 1주,falling,6,1
232140,와이씨,KOSDAQ,20260720,-60.08,6.8,D,27,55,40,0,,-4.043559322033899,-13.577457627118642,-3.302033898305082,,7.203389830508478,-27.7542372881356,-8.89,정찰병 1주,early,6,1
307950,현대오토에버,KOSPI,20260720,-60.39,13,D,1,45,26,0,,3.46357045143639,-6.796347469220247,7.567537619699035,,19.288645690834482,-16.552667578659374,4.49,관찰 목록,falling,4,1
388720,유일로보틱스,KOSDAQ,20260720,-61.84,10.2,D,46,40,44,0,,4.50684210526315,2.927894736842115,23.27877192982457,,24.385964912280713,-5.6140350877192935,17.69,정찰병 1주,early,6,1
454910,두산로보틱스,KOSPI,20260720,-62.93,6.9,D,4,55,40,0,,5.835573770491794,-1.213606557377048,12.065081967213118,,23.934426229508187,-11.147540983606552,8.98,정찰병 1주,early,6,1
100790,미래에셋벤처투자,KOSDAQ,20260721,-80.22,19.2,D,10,55,25,0,,-1.6898540145985383,-20.157007299270074,6.704306569343062,,10.948905109489049,-27.00729927007299,3.76,정찰병 1주,falling,4,3
950160,코오롱티슈진,KOSDAQ,20260721,-69.09,2.7,D,0,55,25,0,,-47.2849084858569,-56.30321131447587,-38.13349417637271,,0,-61.83028286189685,-41.07,정찰병 1주,falling,6,1
010170,대한광통신,KOSDAQ,20260722,-65.33,39.1,D,20,40,40,45,,-18.429419167473373,-30.917318489835434,6.933601161665056,,23.523717328170378,-33.10745401742498,1.05,관찰 목록,early,4,2
043260,성호전자,KOSDAQ,20260722,-66.15,25.8,D,2,55,27,20,,-18.018724685276414,-35.36957307060755,-4.991904761904768,,9.35960591133005,-35.467980295566505,-10.88,관찰 목록,falling,4,2
065350,신성델타테크,KOSDAQ,20260722,-78.64,3.7,D,19,70,3,4,,-0.8047126436781658,-5.019272030651337,22.37536398467432,,28.735632183908045,-13.409961685823756,16.49,추가매수 금지,risk,6,14
068760,셀트리온제약,KOSDAQ,20260722,-60.02,14.5,D,77,30,42,8,,4.494409448818889,1.3448031496062964,13.811994750656172,,15.223097112860895,-2.887139107611547,7.93,정찰병 1주,falling,2,1
001440,대한전선,KOSPI,20260724,-61.13,26,D,24,55,42,1,,-28.381986183074265,-17.501157167530227,-0.40271157167529914,,1.7271157167530138,-29.01554404145078,-1.43,정찰병 1주,early,6,2
038500,삼표시멘트,KOSDAQ,20260724,-63.37,29,D,64,30,53,0,,-17.854020887728463,-9.23783289817232,7.994543080939938,,8.224543080939938,-23.23759791122716,-5.48,하락 정지 확인,stopped,6,2
090710,휴림로봇,KOSDAQ,20260724,-69.49,8.4,D,54,40,53,4,,-18.732202643171806,-2.726328928046987,7.993201174743021,,14.390602055800294,-19.23641703377387,-5.48,하락 정지 확인,stopped,6,3
214370,케어젠,KOSDAQ,20260724,-62.23,11.2,D,53,40,49,8,,-14.788058925476603,1.8497227036395194,21.087157712305025,,23.05025996533796,-16.811091854419413,7.61,관찰 목록,stopped,4,2
298380,에이비엘바이오,KOSDAQ,20260724,-70.51,5.8,D,36,40,41,0,,-17.956657645466848,-4.154221921515559,26.42764546684708,,27.875507442489855,-19.07983761840325,12.95,정찰병 1주,early,2,4
323280,태성,KOSDAQ,20260724,-64.6,6.9,D,29,55,26,0,,-27.01843226788432,14.686286149162871,38.734992389649925,,42.00913242009132,-27.549467275494678,25.26,관찰 목록,falling,6,2
347700,스피어,KOSDAQ,20260724,-67.82,12.3,D,69,40,60,2,,-25.975412844036697,-8.544220183486242,43.69201834862386,,51.66284403669725,-31.19266055045872,30.22,관찰 목록,stopped,6,3
475830,오름테라퓨틱,KOSDAQ,20260724,-68.34,10.3,D,68,55,55,0,,-19.114120171673825,3.7399570815450613,49.77,,56.22317596566524,-22.532188841201716,36.29,정찰병 1주,early,4,4
476830,알지노믹스,KOSDAQ,20260724,-77.37,,계산불가,4,70,19,0,,-24.215239852398522,-2.2595202952029467,35.93236162361624,,39.29889298892988,-26.236162361623617,22.46,추가매수 금지,risk,6,4
272210,한화시스템,KOSPI,20260727,-61.28,3.2,D,20,55,46,0,,3.075785123966931,13.984876033057844,20.265867768595044,,27.933884297520663,-16.198347107438018,14.6,관찰 목록,early,6,2
006800,미래에셋증권,KOSPI,20260728,-60.56,15.1,D,26,55,29,0,,0.07165912518853587,5.954012066365007,9.875580693815996,,12.06636500754148,-12.82051282051282,-0.71,관찰 목록,falling,6,1
028300,HLB,KOSDAQ,20260728,-68.03,5.2,D,12,40,29,5,,2.257562189054726,15.524560530679938,37.746782752902156,,41.79104477611941,-5.306799336650081,13.14,정찰병 1주,falling,2,8
087010,펩트론,KOSDAQ,20260728,-62.95,15.7,D,46,40,51,0,,15.923846153846164,19.700069930069937,30.11965034965036,,37.2027972027972,-15.944055944055947,5.52,관찰 목록,stopped,6,2
131970,두산테스나,KOSDAQ,20260728,-65.07,29.3,D,6,40,25,51,,-3.36432835820896,2.9043283582089487,25.740149253731335,,28.059701492537314,-24.477611940298505,1.14,정찰병 1주,falling,6,1
183300,코미코,KOSDAQ,20260728,-60.92,28.1,D,13,40,26,0,,-0.23,-0.23,-0.23,,0,0,-24.83,관찰 목록,falling,6,1
281740,레이크머티리얼즈,KOSDAQ,20260728,-61.13,7.3,D,42,30,37,0,,2.822728954671591,13.090999074930629,22.526706753006472,,28.12210915818687,-14.893617021276595,-2.08,정찰병 1주,early,6,1
403870,HPSP,KOSDAQ,20260728,-60.84,26,D,19,40,27,7,,3.1185540334855513,11.185525114155244,17.42601217656012,,18.87366818873668,-16.43835616438356,-7.18,정찰병 1주,falling,6,1
491000,리브스메드,KOSDAQ,20260728,-62.21,,계산불가,80,55,87,0,,19.596338639652686,36.81775687409552,29.147713458755415,,49.059334298118664,-13.458755426917513,4.55,정찰병 1주,early,6,3
000500,가온전선,KOSPI,20260729,-60.95,58.9,C,3,40,45,3,,28.166143733567047,35.703391761612615,46.13283961437335,,56.00350569675723,-6.748466257668717,24.75,관찰 목록,stopped,6,1
007660,이수페타시스,KOSPI,20260729,-60.35,1.2,D,7,55,26,24,,31.55807947019868,37.35278145695364,60.03490066225166,,62.74834437086092,-4.139072847682124,38.65,관찰 목록,falling,6,1
032820,우리기술,KOSDAQ,20260729,-72.42,21.5,D,50,40,50,14,,44.496301735647535,49.836755674232315,56.77934579439252,,64.21895861148197,0,15.37,하락 정지 확인,stopped,6,3
036540,SFA반도체,KOSDAQ,20260729,-63.4,13.3,D,56,25,48,7,,33.368937583001326,35.759375830013276,65.24144754316069,,70.78353253652058,0,23.83,하락 정지 확인,stopped,6,1
062040,산일전기,KOSPI,20260729,-61.68,19.1,D,6,55,25,10,,23.776488240064882,30.670243309002426,52.24364152473642,,60.50283860502839,-3.649635036496346,30.86,관찰 목록,falling,6,1
066570,LG전자,KOSPI,20260729,-61.66,56.9,C,30,30,41,20,,14.541151178918163,21.26791955617197,42.973883495145635,,47.36477115117892,0,21.59,정찰병 1주,early,2,1
099320,쎄트렉아이,KOSDAQ,20260729,-71.36,8.2,D,55,40,50,34,,25.71501718213058,27.776872852233666,40.4916494845361,,48.453608247422686,-2.0618556701030966,-0.92,하락 정지 확인,stopped,2,3
115180,큐리언트,KOSDAQ,20260729,-70.26,9.7,D,59,40,57,6,,43.09460732984294,52.911361256544495,63.05534031413613,,92.08115183246073,-4.712041884816753,21.65,하락 정지 확인,stopped,6,3
141080,리가켐바이오,KOSDAQ,20260729,-61.17,5.7,D,16,55,25,33,,38.3576418663304,39.61867591424968,44.03229508196722,,55.73770491803278,-3.0264817150063017,2.62,정찰병 1주,falling,4,1
178320,서진시스템,KOSDAQ,20260729,-63.43,26.3,D,20,40,30,32,,34.56853479853481,29.80663003663004,35.11798534798536,,45.970695970695964,0,-6.29,정찰병 1주,falling,6,1
204270,제이앤티씨,KOSDAQ,20260729,-62.24,12.4,D,40,40,4,9,,32.340422535211275,37.53408450704225,61.47774647887325,,68.30985915492957,-1.4084507042253502,20.07,정찰병 1주,falling,2,1
247540,에코프로비엠,KOSDAQ,20260729,-62.36,8.6,D,46,40,31,0,,13.280520487264665,13.280520487264665,26.56955703211516,,29.346622369878194,0,-14.84,정찰병 1주,falling,6,1
440110,파두,KOSDAQ,20260729,-60.8,35.8,D,25,40,27,24,,26.0965306122449,17.933265306122443,28.34142857142858,,36.73469387755102,-2.857142857142858,-13.07,관찰 목록,falling,6,1
458870,씨어스,KOSDAQ,20260729,-62.99,8.3,D,29,30,25,24,,30.363607305936075,8.902420091324199,10.272283105022836,,32.648401826484005,-4.109589041095896,-31.14,관찰 목록,falling,6,1