strategy,definition,horizonDays,mode,trainTrades,testTrades,allTrades,trainAvgPct,testAvgPct,allAvgPct,generalizationGap,trainPF,testPF,testWinRatePct,testMedianPct,testExcessPct,testMfePct,testMaePct,testHitPlus3Pct,testHitPlus5Pct,testHitMinus3Pct,testHitMinus5Pct,testMddPct,overfitWarning,axis,baselineTestAvgPct,verdict
종합점수_40~49,"combinedScore between [40,49]",5,cooldown,203,112,315,1.1,4.97,2.48,-3.87,1.37,2.41,62.5,2.17,0.58,13.71,-8.12,81.25,71.43,72.32,54.46,-64.46,false,combined,2.56,유망
종합점수_40~49,"combinedScore between [40,49]",10,cooldown,141,76,217,2.59,7.61,4.35,-5.02,1.82,2.52,60.53,4.34,0.5,20.08,-11.09,85.53,76.32,80.26,63.16,-84.84,false,combined,5.57,유망
종합점수_50~59,"combinedScore between [50,59]",5,cooldown,30,16,46,2.05,-0.19,1.27,2.24,1.68,0.97,56.25,0.85,0.03,15.85,-10.6,75,75,81.25,75,-50.49,true,combined,2.56,역효과
종합점수_50~59,"combinedScore between [50,59]",10,cooldown,29,15,44,2.43,2.37,2.41,0.06,1.71,1.33,40,-5.88,3.62,22.61,-13.31,80,73.33,93.33,86.67,-47.03,false,combined,5.57,역효과
종합점수_60~69,"combinedScore between [60,69]",5,cooldown,13,22,35,6.94,2.29,4.02,4.65,3.62,1.35,50,-0.37,-2.86,16.65,-11.01,81.82,68.18,81.82,68.18,-49.08,false,combined,2.56,역효과
종합점수_60~69,"combinedScore between [60,69]",10,cooldown,11,20,31,7.36,6.21,6.62,1.15,3.29,1.71,45,-1.43,-1.36,25.53,-14.89,80,75,85,75,-61.48,false,combined,5.57,유망
종합점수_70~79,"combinedScore between [70,79]",5,cooldown,10,2,12,0.66,13.49,2.8,-12.83,1.17,3.34,50,13.49,-0.75,22.63,-7.51,50,50,50,50,-11.51,false,combined,2.56,표본부족
종합점수_70~79,"combinedScore between [70,79]",10,cooldown,10,2,12,-4.99,25.6,0.1,-30.59,0.38,,100,25.6,8.23,38.78,-7.51,100,100,50,50,0,false,combined,5.57,표본부족
종합점수_80+,"combinedScore between [80,999]",5,cooldown,0,1,1,,10.3,10.3,,,,100,10.3,7.1,21.97,-0.7,100,100,0,0,0,false,combined,2.56,표본부족
종합점수_80+,"combinedScore between [80,999]",10,cooldown,0,1,1,,-1.94,-1.94,,,0,0,-1.94,-0.12,21.97,-7.62,100,100,100,100,-1.94,false,combined,5.57,표본부족
종합점수_gte40,combinedScore gte 40,5,cooldown,216,125,341,0.96,4.63,2.31,-3.67,1.33,2.23,61.6,2,0.67,13.68,-8.45,78.4,69.6,74.4,56.8,-77.42,false,combined,2.56,유망
종합점수_gte40,combinedScore gte 40,10,cooldown,145,79,224,2.43,8.06,4.42,-5.63,1.77,2.64,60.76,3.99,1.61,21.49,-10.77,83.54,75.95,77.22,59.49,-90.43,false,combined,5.57,유망
종합점수_gte50,combinedScore gte 50,5,cooldown,42,31,73,2.48,4.95,3.53,-2.47,1.75,2.08,58.06,1.77,0.54,19.1,-9.87,80.65,70.97,80.65,67.74,-44.14,false,combined,2.56,유망
종합점수_gte50,combinedScore gte 50,10,cooldown,38,27,65,2.53,6.59,4.22,-4.06,1.59,1.95,51.85,0.33,2.6,26.28,-13.42,81.48,74.07,85.19,74.07,-68.98,false,combined,5.57,유망
종합점수_gte60,combinedScore gte 60,5,cooldown,19,22,41,4.87,4.07,4.44,0.8,2.34,1.68,54.55,1.63,-1.79,18.56,-10.45,81.82,68.18,77.27,63.64,-49.08,false,combined,2.56,유망
종합점수_gte60,combinedScore gte 60,10,cooldown,17,20,37,2.3,6.88,4.77,-4.58,1.39,1.85,45,-1.4,-0.78,26.33,-14.29,80,75,85,75,-61.48,false,combined,5.57,유망
종합점수_gte70,combinedScore gte 70,5,cooldown,10,3,13,0.66,12.43,3.37,-11.77,1.17,4.24,66.67,10.3,1.87,22.41,-5.24,66.67,66.67,33.33,33.33,-11.51,false,combined,2.56,표본부족
종합점수_gte70,combinedScore gte 70,10,cooldown,10,3,13,-4.99,16.42,-0.05,-21.41,0.38,26.46,66.67,0.33,5.45,33.18,-7.55,100,100,66.67,66.67,-1.94,false,combined,5.57,표본부족
종합점수_gte80,combinedScore gte 80,5,cooldown,0,1,1,,10.3,10.3,,,,100,10.3,7.1,21.97,-0.7,100,100,0,0,0,false,combined,2.56,표본부족
종합점수_gte80,combinedScore gte 80,10,cooldown,0,1,1,,-1.94,-1.94,,,0,0,-1.94,-0.12,21.97,-7.62,100,100,100,100,-1.94,false,combined,5.57,표본부족
종합순위_1-3,"combinedRank between [1,3]",5,cooldown,200,89,289,1.3,3.56,2,-2.26,1.49,1.98,61.8,1.92,-0.86,12.05,-7.77,76.4,65.17,67.42,48.31,-78.52,false,combinedRank,2.56,유망
종합순위_1-3,"combinedRank between [1,3]",10,cooldown,140,66,206,2.46,6.65,3.8,-4.19,1.81,2.4,57.58,2.57,0.32,19.81,-10.26,84.85,78.79,74.24,54.55,-88.16,false,combinedRank,5.57,유망
종합순위_1-5,"combinedRank between [1,5]",5,cooldown,200,89,289,1.3,3.56,2,-2.26,1.49,1.98,61.8,1.92,-0.86,12.05,-7.77,76.4,65.17,67.42,48.31,-78.52,false,combinedRank,2.56,유망
종합순위_1-5,"combinedRank between [1,5]",10,cooldown,140,66,206,2.46,6.65,3.8,-4.19,1.81,2.4,57.58,2.57,0.32,19.81,-10.26,84.85,78.79,74.24,54.55,-88.16,false,combinedRank,5.57,유망
종합순위_1-10,"combinedRank between [1,10]",5,cooldown,200,89,289,1.3,3.56,2,-2.26,1.49,1.98,61.8,1.92,-0.86,12.05,-7.77,76.4,65.17,67.42,48.31,-78.52,false,combinedRank,2.56,유망
종합순위_1-10,"combinedRank between [1,10]",10,cooldown,140,66,206,2.46,6.65,3.8,-4.19,1.81,2.4,57.58,2.57,0.32,19.81,-10.26,84.85,78.79,74.24,54.55,-88.16,false,combinedRank,5.57,유망
종합순위_6-10,"combinedRank between [6,10]",5,cooldown,0,0,0,,,,,,,,,,,,,,,,0,false,combinedRank,2.56,표본부족
종합순위_6-10,"combinedRank between [6,10]",10,cooldown,0,0,0,,,,,,,,,,,,,,,,0,false,combinedRank,5.57,표본부족
종합순위_11-20,"combinedRank between [11,20]",5,cooldown,0,0,0,,,,,,,,,,,,,,,,0,false,combinedRank,2.56,표본부족
종합순위_11-20,"combinedRank between [11,20]",10,cooldown,0,0,0,,,,,,,,,,,,,,,,0,false,combinedRank,5.57,표본부족
종합순위_21-50,"combinedRank between [21,50]",5,cooldown,0,0,0,,,,,,,,,,,,,,,,0,false,combinedRank,2.56,표본부족
종합순위_21-50,"combinedRank between [21,50]",10,cooldown,0,0,0,,,,,,,,,,,,,,,,0,false,combinedRank,5.57,표본부족
종합순위_51+,combinedRank gte 51,5,cooldown,0,0,0,,,,,,,,,,,,,,,,0,false,combinedRank,2.56,표본부족
종합순위_51+,combinedRank gte 51,10,cooldown,0,0,0,,,,,,,,,,,,,,,,0,false,combinedRank,5.57,표본부족
Gate_PASS,gatePass,5,cooldown,472,285,757,1.03,2.21,1.48,-1.18,1.39,1.52,53.68,0.9,0,11.1,-8.82,74.04,63.51,74.04,60,-99.3,false,gate,2.56,역효과
Gate_PASS,gatePass,10,cooldown,260,159,419,2.17,4.4,3.01,-2.23,1.67,1.79,54.72,1.17,-0.22,16.9,-11.52,79.87,69.81,77.36,66.04,-99.34,false,gate,5.57,역효과
Gate_BLOCK,!gatePass,5,cooldown,112,183,295,2,2.62,2.39,-0.62,1.62,1.62,53.01,0.91,0.28,13.32,-9.48,83.61,74.32,81.42,68.85,-95.02,false,gate,2.56,유망
Gate_BLOCK,!gatePass,10,cooldown,90,118,208,3.52,3.05,3.25,0.47,2.01,1.51,47.46,-0.81,1.02,17.22,-13.22,82.2,73.73,88.14,75.42,-97.38,false,gate,5.57,역효과
RankingV2_T1,rankingTier eq 1,5,cooldown,0,0,0,,,,,,,,,,,,,,,,0,false,rankingTier,2.56,표본부족
RankingV2_T1,rankingTier eq 1,10,cooldown,0,0,0,,,,,,,,,,,,,,,,0,false,rankingTier,5.57,표본부족
RankingV2_T2,rankingTier eq 2,5,cooldown,114,16,130,0.37,1.35,0.49,-0.98,1.13,1.52,68.75,2.65,1.48,7.98,-7.36,81.25,75,81.25,62.5,-27.28,false,rankingTier,2.56,역효과
RankingV2_T2,rankingTier eq 2,10,cooldown,69,11,80,1.48,7.81,2.35,-6.33,1.47,12.79,72.73,2.97,1.56,16.82,-8.92,100,90.91,81.82,72.73,-7.14,false,rankingTier,5.57,유망
RankingV2_T3,rankingTier eq 3,5,cooldown,256,72,328,0.35,1.41,0.58,-1.06,1.12,1.33,51.39,0.4,0.07,10.44,-9.51,76.39,56.94,75,61.11,-86.38,false,rankingTier,2.56,역효과
RankingV2_T3,rankingTier eq 3,10,cooldown,155,47,202,1.56,4.31,2.2,-2.75,1.44,1.76,51.06,0.25,0.66,18.55,-11.43,82.98,72.34,78.72,65.96,-90.51,false,rankingTier,5.57,역효과
RankingV2_T4,rankingTier eq 4,5,cooldown,40,71,111,0.93,-3.02,-1.6,3.95,1.54,0.48,35.21,-2.79,-1.59,7.45,-9.95,61.97,47.89,85.92,73.24,-94.59,true,rankingTier,2.56,역효과
RankingV2_T4,rankingTier eq 4,10,cooldown,24,47,71,1.77,-3.76,-1.89,5.53,1.67,0.48,36.17,-2.93,-1.85,10.19,-13.54,70.21,55.32,91.49,82.98,-95.23,true,rankingTier,5.57,역효과
RankingV2_T5,rankingTier eq 5,5,cooldown,165,171,336,1.75,3.18,2.48,-1.43,1.66,1.79,57.31,1.97,-0.17,11.75,-8.15,77.19,67.84,71.35,56.14,-91.61,false,rankingTier,2.56,유망
RankingV2_T5,rankingTier eq 5,10,cooldown,98,100,198,2.88,6.54,4.73,-3.66,1.77,2.32,62,3.43,-0.01,17.7,-11.31,79,73,77,64,-88.66,false,rankingTier,5.57,유망
RankingV2_T6,rankingTier eq 6,5,cooldown,112,183,295,2,2.62,2.39,-0.62,1.62,1.62,53.01,0.91,0.28,13.32,-9.48,83.61,74.32,81.42,68.85,-95.02,false,rankingTier,2.56,유망
RankingV2_T6,rankingTier eq 6,10,cooldown,90,118,208,3.52,3.05,3.25,0.47,2.01,1.51,47.46,-0.81,1.02,17.22,-13.22,82.2,73.73,88.14,75.42,-97.38,false,rankingTier,5.57,역효과
RankingV2_TOP3,"rankingV2Rank between [1,3]",5,cooldown,367,265,632,0.62,1.97,1.18,-1.35,1.23,1.48,53.58,0.83,-0.15,11.33,-8.61,76.6,65.28,70.19,56.6,-98.96,false,rankingV2Rank,2.56,역효과
RankingV2_TOP3,"rankingV2Rank between [1,3]",10,cooldown,214,149,363,2.11,4.01,2.89,-1.9,1.64,1.75,53.02,1.6,-0.73,16.79,-11.07,82.55,76.51,79.19,66.44,-98.68,false,rankingV2Rank,5.57,역효과
RankingV2_TOP5,"rankingV2Rank between [1,5]",5,cooldown,480,310,790,1.03,2.56,1.63,-1.53,1.4,1.68,54.19,1.29,0,11.59,-8.42,78.06,63.87,74.19,57.74,-99.34,false,rankingV2Rank,2.56,유망
RankingV2_TOP5,"rankingV2Rank between [1,5]",10,cooldown,260,170,430,1.97,5.57,3.39,-3.6,1.6,2.17,54.12,1.14,0,19.08,-9.85,86.47,77.06,76.47,58.82,-97.01,false,rankingV2Rank,5.57,유망
RankingV2_TOP10,"rankingV2Rank between [1,10]",5,cooldown,480,310,790,1.03,2.56,1.63,-1.53,1.4,1.68,54.19,1.29,0,11.59,-8.42,78.06,63.87,74.19,57.74,-99.34,false,rankingV2Rank,2.56,유망
RankingV2_TOP10,"rankingV2Rank between [1,10]",10,cooldown,260,170,430,1.97,5.57,3.39,-3.6,1.6,2.17,54.12,1.14,0,19.08,-9.85,86.47,77.06,76.47,58.82,-97.01,false,rankingV2Rank,5.57,유망
RankingV2_TOP20,"rankingV2Rank between [1,20]",5,cooldown,480,310,790,1.03,2.56,1.63,-1.53,1.4,1.68,54.19,1.29,0,11.59,-8.42,78.06,63.87,74.19,57.74,-99.34,false,rankingV2Rank,2.56,유망
RankingV2_TOP20,"rankingV2Rank between [1,20]",10,cooldown,260,170,430,1.97,5.57,3.39,-3.6,1.6,2.17,54.12,1.14,0,19.08,-9.85,86.47,77.06,76.47,58.82,-97.01,false,rankingV2Rank,5.57,유망
Leader_A,leaderGrade in [A],5,cooldown,87,119,206,1.79,3.95,3.04,-2.16,1.54,1.88,60.5,2.89,0.88,13.85,-8.64,87.39,73.11,70.59,57.14,-73.86,false,leaderGrade,2.56,유망
Leader_A,leaderGrade in [A],10,cooldown,51,72,123,4.57,8.11,6.64,-3.54,2.35,2.73,65.28,4.51,1.81,22.34,-10.4,91.67,80.56,79.17,63.89,-71.95,false,leaderGrade,5.57,유망
Leader_AB,"leaderGrade in [A,B]",5,cooldown,157,205,362,1.72,3.74,2.86,-2.02,1.66,2.01,57.07,2.52,0.39,12.88,-7.72,81.95,67.8,71.71,53.66,-86.42,false,leaderGrade,2.56,유망
Leader_AB,"leaderGrade in [A,B]",10,cooldown,93,116,209,3.88,6.27,5.21,-2.39,2.16,2.35,61.21,4.06,0.19,19.68,-10.6,88.79,81.03,75,63.79,-85.88,false,leaderGrade,5.57,유망
Leader_B,leaderGrade in [B],5,cooldown,100,141,241,0.93,3.06,2.17,-2.13,1.31,2,53.19,1.09,-0.77,11.46,-7.16,81.56,64.54,68.09,51.77,-64.3,false,leaderGrade,2.56,유망
Leader_B,leaderGrade in [B],10,cooldown,66,84,150,2.15,4.68,3.57,-2.53,1.59,1.91,58.33,2.7,-1.51,18.36,-10.12,89.29,83.33,73.81,65.48,-76.76,false,leaderGrade,5.57,역효과
Leader_C,leaderGrade in [C],5,cooldown,134,86,220,0.75,0.39,0.61,0.36,1.27,1.08,50,0.23,-2.06,10.09,-8.9,79.07,65.12,68.6,56.98,-84.47,false,leaderGrade,2.56,역효과
Leader_C,leaderGrade in [C],10,cooldown,89,55,144,2.59,3.82,3.06,-1.23,1.83,1.78,56.36,2.95,-1.91,16.69,-11.72,89.09,80,76.36,69.09,-78.06,false,leaderGrade,5.57,역효과
Leader_D,leaderGrade in [D],5,cooldown,281,86,367,0.61,-0.36,0.38,0.97,1.25,0.92,45.35,-0.81,-0.83,9.05,-8.7,70.93,54.65,75.58,62.79,-90.96,true,leaderGrade,2.56,역효과
Leader_D,leaderGrade in [D],10,cooldown,160,46,206,1.48,1.09,1.4,0.39,1.46,1.18,36.96,-3.47,-1.39,14.09,-12.09,80.43,67.39,84.78,67.39,-86.41,false,leaderGrade,5.57,역효과
Leader점수_gte50,leaderScore gte 50,5,cooldown,249,242,491,1.3,3.15,2.21,-1.85,1.44,1.85,53.72,1.5,0.02,12.17,-8.38,80.17,67.36,72.31,58.26,-93.14,false,leaderScore,2.56,유망
Leader점수_gte50,leaderScore gte 50,10,cooldown,146,133,279,3.35,6.29,4.75,-2.94,1.96,2.26,57.14,3.36,-0.1,19.5,-10.34,84.21,75.94,73.68,63.16,-93.59,false,leaderScore,5.57,유망
Leader점수_gte60,leaderScore gte 60,5,cooldown,207,231,438,1.3,3.45,2.43,-2.15,1.44,1.95,57.58,1.5,0.33,12.29,-8.2,81.39,67.97,71.86,54.98,-93.98,false,leaderScore,2.56,유망
Leader점수_gte60,leaderScore gte 60,10,cooldown,123,126,249,2.76,6.99,4.9,-4.23,1.79,2.61,59.52,3.71,0.77,20.29,-10.54,88.89,81.75,82.54,65.08,-90.47,false,leaderScore,5.57,유망
Leader점수_gte70,leaderScore gte 70,5,cooldown,157,205,362,1.72,3.74,2.86,-2.02,1.66,2.01,57.07,2.52,0.39,12.88,-7.72,81.95,67.8,71.71,53.66,-86.42,false,leaderScore,2.56,유망
Leader점수_gte70,leaderScore gte 70,10,cooldown,93,116,209,3.88,6.27,5.21,-2.39,2.16,2.35,61.21,4.06,0.19,19.68,-10.6,88.79,81.03,75,63.79,-85.88,false,leaderScore,5.57,유망
Leader점수_gte80,leaderScore gte 80,5,cooldown,110,143,253,2.09,3.7,3,-1.61,1.7,1.98,53.15,1.37,0.93,13.68,-7.82,79.72,70.63,73.43,54.55,-81.74,false,leaderScore,2.56,유망
Leader점수_gte80,leaderScore gte 80,10,cooldown,69,86,155,3.28,7.13,5.41,-3.85,1.77,2.53,66.28,4.53,0.7,21.28,-10.03,84.88,79.07,76.74,62.79,-81.1,false,leaderScore,5.57,유망
Leader점수_gte85,leaderScore gte 85,5,cooldown,87,119,206,1.79,3.95,3.04,-2.16,1.54,1.88,60.5,2.89,0.88,13.85,-8.64,87.39,73.11,70.59,57.14,-73.86,false,leaderScore,2.56,유망
Leader점수_gte85,leaderScore gte 85,10,cooldown,51,72,123,4.57,8.11,6.64,-3.54,2.35,2.73,65.28,4.51,1.81,22.34,-10.4,91.67,80.56,79.17,63.89,-71.95,false,leaderScore,5.57,유망
Leader점수_gte90,leaderScore gte 90,5,cooldown,66,85,151,2.38,4.21,3.41,-1.83,1.88,1.88,58.82,3.4,1.27,15.19,-9.3,81.18,74.12,80,57.65,-75.37,false,leaderScore,2.56,유망
Leader점수_gte90,leaderScore gte 90,10,cooldown,42,53,95,3.14,8.26,6,-5.12,1.65,3.06,54.72,6.01,2.33,24.11,-9.18,90.57,83.02,79.25,64.15,-48.21,false,leaderScore,5.57,유망
Leader추세_하,"leaderTrendScore between [0,33]",5,cooldown,480,310,790,1.03,2.56,1.63,-1.53,1.4,1.68,54.19,1.29,0,11.59,-8.42,78.06,63.87,74.19,57.74,-99.34,false,leaderTrend,2.56,유망
Leader추세_하,"leaderTrendScore between [0,33]",10,cooldown,260,170,430,1.97,5.57,3.39,-3.6,1.6,2.17,54.12,1.14,0,19.08,-9.85,86.47,77.06,76.47,58.82,-97.01,false,leaderTrend,5.57,유망
Leader추세_중,"leaderTrendScore between [34,66]",5,cooldown,0,0,0,,,,,,,,,,,,,,,,0,false,leaderTrend,2.56,표본부족
Leader추세_중,"leaderTrendScore between [34,66]",10,cooldown,0,0,0,,,,,,,,,,,,,,,,0,false,leaderTrend,5.57,표본부족
Leader추세_상,"leaderTrendScore between [67,100]",5,cooldown,0,0,0,,,,,,,,,,,,,,,,0,false,leaderTrend,2.56,표본부족
Leader추세_상,"leaderTrendScore between [67,100]",10,cooldown,0,0,0,,,,,,,,,,,,,,,,0,false,leaderTrend,5.57,표본부족
Leader상대강도_하,"leaderRsScore between [0,33]",5,cooldown,480,310,790,1.03,2.56,1.63,-1.53,1.4,1.68,54.19,1.29,0,11.59,-8.42,78.06,63.87,74.19,57.74,-99.34,false,leaderRs,2.56,유망
Leader상대강도_하,"leaderRsScore between [0,33]",10,cooldown,260,170,430,1.97,5.57,3.39,-3.6,1.6,2.17,54.12,1.14,0,19.08,-9.85,86.47,77.06,76.47,58.82,-97.01,false,leaderRs,5.57,유망
Leader상대강도_중,"leaderRsScore between [34,66]",5,cooldown,0,0,0,,,,,,,,,,,,,,,,0,false,leaderRs,2.56,표본부족
Leader상대강도_중,"leaderRsScore between [34,66]",10,cooldown,0,0,0,,,,,,,,,,,,,,,,0,false,leaderRs,5.57,표본부족
Leader상대강도_상,"leaderRsScore between [67,100]",5,cooldown,0,0,0,,,,,,,,,,,,,,,,0,false,leaderRs,2.56,표본부족
Leader상대강도_상,"leaderRsScore between [67,100]",10,cooldown,0,0,0,,,,,,,,,,,,,,,,0,false,leaderRs,5.57,표본부족
Leader고점유지_하,"leaderHighScore between [0,33]",5,cooldown,480,310,790,1.03,2.56,1.63,-1.53,1.4,1.68,54.19,1.29,0,11.59,-8.42,78.06,63.87,74.19,57.74,-99.34,false,leaderHigh,2.56,유망
Leader고점유지_하,"leaderHighScore between [0,33]",10,cooldown,260,170,430,1.97,5.57,3.39,-3.6,1.6,2.17,54.12,1.14,0,19.08,-9.85,86.47,77.06,76.47,58.82,-97.01,false,leaderHigh,5.57,유망
Leader고점유지_중,"leaderHighScore between [34,66]",5,cooldown,0,0,0,,,,,,,,,,,,,,,,0,false,leaderHigh,2.56,표본부족
Leader고점유지_중,"leaderHighScore between [34,66]",10,cooldown,0,0,0,,,,,,,,,,,,,,,,0,false,leaderHigh,5.57,표본부족
Leader고점유지_상,"leaderHighScore between [67,100]",5,cooldown,0,0,0,,,,,,,,,,,,,,,,0,false,leaderHigh,2.56,표본부족
Leader고점유지_상,"leaderHighScore between [67,100]",10,cooldown,0,0,0,,,,,,,,,,,,,,,,0,false,leaderHigh,5.57,표본부족
Leader지속성_하,"leaderPersistenceScore between [0,33]",5,cooldown,480,310,790,1.03,2.56,1.63,-1.53,1.4,1.68,54.19,1.29,0,11.59,-8.42,78.06,63.87,74.19,57.74,-99.34,false,leaderPersist,2.56,유망
Leader지속성_하,"leaderPersistenceScore between [0,33]",10,cooldown,260,170,430,1.97,5.57,3.39,-3.6,1.6,2.17,54.12,1.14,0,19.08,-9.85,86.47,77.06,76.47,58.82,-97.01,false,leaderPersist,5.57,유망
Leader지속성_중,"leaderPersistenceScore between [34,66]",5,cooldown,0,0,0,,,,,,,,,,,,,,,,0,false,leaderPersist,2.56,표본부족
Leader지속성_중,"leaderPersistenceScore between [34,66]",10,cooldown,0,0,0,,,,,,,,,,,,,,,,0,false,leaderPersist,5.57,표본부족
Leader지속성_상,"leaderPersistenceScore between [67,100]",5,cooldown,0,0,0,,,,,,,,,,,,,,,,0,false,leaderPersist,2.56,표본부족
Leader지속성_상,"leaderPersistenceScore between [67,100]",10,cooldown,0,0,0,,,,,,,,,,,,,,,,0,false,leaderPersist,5.57,표본부족
Leader_TOP3,"leaderRank between [1,3]",5,cooldown,313,213,526,1.35,1.92,1.58,-0.57,1.49,1.43,52.58,0.53,0.11,12.21,-9.24,80.28,66.67,74.65,64.32,-98.08,false,leaderRank,2.56,역효과
Leader_TOP3,"leaderRank between [1,3]",10,cooldown,179,121,300,3.12,4.2,3.56,-1.08,1.95,1.71,52.07,1.16,0.34,18.66,-11.9,81.82,71.07,75.21,63.64,-97.09,false,leaderRank,5.57,역효과
Leader_TOP5,"leaderRank between [1,5]",5,cooldown,480,310,790,1.03,2.56,1.63,-1.53,1.4,1.68,54.19,1.29,0,11.59,-8.42,78.06,63.87,74.19,57.74,-99.34,false,leaderRank,2.56,유망
Leader_TOP5,"leaderRank between [1,5]",10,cooldown,260,170,430,1.97,5.57,3.39,-3.6,1.6,2.17,54.12,1.14,0,19.08,-9.85,86.47,77.06,76.47,58.82,-97.01,false,leaderRank,5.57,유망
Leader_TOP10,"leaderRank between [1,10]",5,cooldown,480,310,790,1.03,2.56,1.63,-1.53,1.4,1.68,54.19,1.29,0,11.59,-8.42,78.06,63.87,74.19,57.74,-99.34,false,leaderRank,2.56,유망
Leader_TOP10,"leaderRank between [1,10]",10,cooldown,260,170,430,1.97,5.57,3.39,-3.6,1.6,2.17,54.12,1.14,0,19.08,-9.85,86.47,77.06,76.47,58.82,-97.01,false,leaderRank,5.57,유망
Leader_TOP20,"leaderRank between [1,20]",5,cooldown,480,310,790,1.03,2.56,1.63,-1.53,1.4,1.68,54.19,1.29,0,11.59,-8.42,78.06,63.87,74.19,57.74,-99.34,false,leaderRank,2.56,유망
Leader_TOP20,"leaderRank between [1,20]",10,cooldown,260,170,430,1.97,5.57,3.39,-3.6,1.6,2.17,54.12,1.14,0,19.08,-9.85,86.47,77.06,76.47,58.82,-97.01,false,leaderRank,5.57,유망
RS20_<30,rs20 lt 30,5,cooldown,250,161,411,0.58,2.21,1.22,-1.63,1.23,1.6,53.42,0.93,0.01,10.7,-7.94,74.53,60.87,68.32,53.42,-93.33,false,rs20,2.56,역효과
RS20_<30,rs20 lt 30,10,cooldown,151,102,253,1.71,4.32,2.76,-2.61,1.56,1.79,52.94,2.12,0.23,16.92,-10.78,83.33,71.57,71.57,62.75,-95.69,false,rs20,5.57,역효과
RS20_30~49,"rs20 between [30,49]",5,cooldown,0,0,0,,,,,,,,,,,,,,,,0,false,rs20,2.56,표본부족
RS20_30~49,"rs20 between [30,49]",10,cooldown,0,0,0,,,,,,,,,,,,,,,,0,false,rs20,5.57,표본부족
RS20_50~69,"rs20 between [50,69]",5,cooldown,196,134,330,1.21,3.81,2.27,-2.6,1.44,1.99,53.73,1.21,1.11,13.03,-7.63,78.36,64.93,64.18,52.99,-90.3,false,rs20,2.56,유망
RS20_50~69,"rs20 between [50,69]",10,cooldown,133,92,225,2.01,3.64,2.67,-1.63,1.59,1.67,53.26,0.95,0.3,17.36,-10.67,83.7,77.17,66.3,63.04,-95.75,false,rs20,5.57,역효과
RS20_70~79,"rs20 between [70,79]",5,cooldown,176,114,290,1.25,2.77,1.85,-1.52,1.5,1.65,58.77,1.87,0.45,12.05,-8.8,80.7,67.54,75.44,59.65,-88.28,false,rs20,2.56,유망
RS20_70~79,"rs20 between [70,79]",10,cooldown,121,77,198,2.28,3.44,2.73,-1.16,1.66,1.65,53.25,2.36,-1.73,17.63,-11.18,85.71,79.22,77.92,67.53,-85.98,false,rs20,5.57,역효과
RS20_80~89,"rs20 between [80,89]",5,cooldown,0,0,0,,,,,,,,,,,,,,,,0,false,rs20,2.56,표본부족
RS20_80~89,"rs20 between [80,89]",10,cooldown,0,0,0,,,,,,,,,,,,,,,,0,false,rs20,5.57,표본부족
RS20_90~99,"rs20 between [90,99]",5,cooldown,134,92,226,2.13,3.17,2.55,-1.04,1.85,1.75,52.17,0.76,-0.17,14.43,-8.73,77.17,64.13,77.17,57.61,-90.76,false,rs20,2.56,유망
RS20_90~99,"rs20 between [90,99]",10,cooldown,86,57,143,3.82,6.73,4.98,-2.91,2.19,2.19,52.63,3.39,0.83,23.63,-10.57,85.96,80.7,80.7,59.65,-90.59,false,rs20,5.57,유망
RS20_gte50,rs20 gte 50,5,cooldown,345,223,568,0.94,2.99,1.74,-2.05,1.35,1.71,54.26,0.99,0.35,12.35,-8.78,79.37,65.02,73.09,60.09,-95.04,false,rs20,2.56,유망
RS20_gte50,rs20 gte 50,10,cooldown,202,131,333,2.25,4.56,3.16,-2.31,1.66,1.84,55.73,2.36,-0.04,18.31,-10.96,83.21,74.05,74.05,61.07,-97.49,false,rs20,5.57,역효과
RS20_gte60,rs20 gte 60,5,cooldown,241,163,404,1.03,2.44,1.6,-1.41,1.37,1.56,53.99,0.99,-0.1,12.8,-8.89,74.85,63.8,77.91,58.9,-94.95,false,rs20,2.56,역효과
RS20_gte60,rs20 gte 60,10,cooldown,149,95,244,2.94,5.28,3.85,-2.34,1.89,1.96,54.74,2.03,0.38,20.15,-10.75,84.21,78.95,76.84,66.32,-89.33,false,rs20,5.57,역효과
RS20_gte70,rs20 gte 70,5,cooldown,241,163,404,1.03,2.44,1.6,-1.41,1.37,1.56,53.99,0.99,-0.1,12.8,-8.89,74.85,63.8,77.91,58.9,-94.95,false,rs20,2.56,역효과
RS20_gte70,rs20 gte 70,10,cooldown,149,95,244,2.94,5.28,3.85,-2.34,1.89,1.96,54.74,2.03,0.38,20.15,-10.75,84.21,78.95,76.84,66.32,-89.33,false,rs20,5.57,역효과
RS20_gte80,rs20 gte 80,5,cooldown,134,92,226,2.13,3.17,2.55,-1.04,1.85,1.75,52.17,0.76,-0.17,14.43,-8.73,77.17,64.13,77.17,57.61,-90.76,false,rs20,2.56,유망
RS20_gte80,rs20 gte 80,10,cooldown,86,57,143,3.82,6.73,4.98,-2.91,2.19,2.19,52.63,3.39,0.83,23.63,-10.57,85.96,80.7,80.7,59.65,-90.59,false,rs20,5.57,유망
RS20_gte90,rs20 gte 90,5,cooldown,134,92,226,2.13,3.17,2.55,-1.04,1.85,1.75,52.17,0.76,-0.17,14.43,-8.73,77.17,64.13,77.17,57.61,-90.76,false,rs20,2.56,유망
RS20_gte90,rs20 gte 90,10,cooldown,86,57,143,3.82,6.73,4.98,-2.91,2.19,2.19,52.63,3.39,0.83,23.63,-10.57,85.96,80.7,80.7,59.65,-90.59,false,rs20,5.57,유망
RS20_TOP10%,rs20 gte 90,5,cooldown,134,92,226,2.13,3.17,2.55,-1.04,1.85,1.75,52.17,0.76,-0.17,14.43,-8.73,77.17,64.13,77.17,57.61,-90.76,false,rs20,2.56,유망
RS20_TOP10%,rs20 gte 90,10,cooldown,86,57,143,3.82,6.73,4.98,-2.91,2.19,2.19,52.63,3.39,0.83,23.63,-10.57,85.96,80.7,80.7,59.65,-90.59,false,rs20,5.57,유망
RS20_TOP20%,rs20 gte 80,5,cooldown,134,92,226,2.13,3.17,2.55,-1.04,1.85,1.75,52.17,0.76,-0.17,14.43,-8.73,77.17,64.13,77.17,57.61,-90.76,false,rs20,2.56,유망
RS20_TOP20%,rs20 gte 80,10,cooldown,86,57,143,3.82,6.73,4.98,-2.91,2.19,2.19,52.63,3.39,0.83,23.63,-10.57,85.96,80.7,80.7,59.65,-90.59,false,rs20,5.57,유망
낙폭_0~-5,"drawdownFromHighPct between [-5,0]",5,cooldown,58,119,177,4.27,3.72,3.9,0.55,2.92,1.97,58.82,2.26,0.54,13.1,-8.06,78.99,70.59,71.43,52.94,-82.06,false,drawdown,2.56,유망
낙폭_0~-5,"drawdownFromHighPct between [-5,0]",10,cooldown,37,70,107,6.18,7.73,7.19,-1.55,2.78,2.9,67.14,7.34,0.57,21.31,-8.59,90,84.29,71.43,54.29,-66.77,false,drawdown,5.57,유망
낙폭_-5~-10,"drawdownFromHighPct between [-10,-5.0001]",5,cooldown,52,83,135,2.1,2.8,2.53,-0.7,1.6,1.85,54.22,1.85,-0.3,10.88,-7.57,81.93,63.86,73.49,50.6,-60.38,false,drawdown,2.56,유망
낙폭_-5~-10,"drawdownFromHighPct between [-10,-5.0001]",10,cooldown,40,58,98,4.49,6.93,5.93,-2.44,2.07,2.38,56.9,3.33,-1.14,18.28,-10.4,84.48,68.97,77.59,60.34,-80.52,false,drawdown,5.57,유망
낙폭_-10~-15,"drawdownFromHighPct between [-15,-10.0001]",5,cooldown,63,69,132,-0.81,2.39,0.86,-3.2,0.77,1.65,57.97,1.8,0.09,11.67,-8.56,82.61,72.46,81.16,63.77,-63.85,false,drawdown,2.56,역효과
낙폭_-10~-15,"drawdownFromHighPct between [-15,-10.0001]",10,cooldown,44,52,96,0.58,9.7,5.52,-9.12,1.16,3.16,69.23,9.27,2.84,22.75,-10.6,94.23,88.46,80.77,63.46,-70.63,false,drawdown,5.57,유망
낙폭_-15~-20,"drawdownFromHighPct between [-20,-15.0001]",5,cooldown,84,55,139,0.64,-0.41,0.23,1.05,1.22,0.93,45.45,-1.16,-1.9,10.92,-10.45,74.55,61.82,85.45,70.91,-82.88,true,drawdown,2.56,역효과
낙폭_-15~-20,"drawdownFromHighPct between [-20,-15.0001]",10,cooldown,62,43,105,0.59,2.88,1.53,-2.29,1.15,1.41,48.84,-0.23,-2.26,19.59,-12.88,81.4,79.07,86.05,74.42,-83.27,false,drawdown,5.57,역효과
낙폭_-20~-30,"drawdownFromHighPct between [-30,-20.0001]",5,cooldown,161,75,236,0.37,-1.08,-0.09,1.45,1.15,0.78,40,-1.92,-1.77,10.17,-9.87,65.33,54.67,80,66.67,-85.19,true,drawdown,2.56,역효과
낙폭_-20~-30,"drawdownFromHighPct between [-30,-20.0001]",10,cooldown,97,48,145,0.48,0.44,0.47,0.04,1.14,1.07,41.67,-2.22,-2.33,15.26,-13.13,79.17,66.67,87.5,79.17,-81.72,false,drawdown,5.57,역효과
낙폭_-30~-40,"drawdownFromHighPct between [-40,-30.0001]",5,cooldown,131,71,202,1.07,-0.94,0.37,2.01,1.61,0.81,49.3,-0.79,-1.54,10.32,-9.86,80.28,64.79,81.69,64.79,-89.69,true,drawdown,2.56,역효과
낙폭_-30~-40,"drawdownFromHighPct between [-40,-30.0001]",10,cooldown,77,43,120,2.7,-0.99,1.38,3.69,2.43,0.85,44.19,-3.06,-1.84,14.51,-12.74,88.37,79.07,88.37,72.09,-90.85,true,drawdown,5.57,역효과
낙폭_-40~-50,"drawdownFromHighPct between [-50,-40.0001]",5,cooldown,11,43,54,4.25,0.63,1.37,3.62,3.54,1.12,51.16,0.36,1.03,12.02,-11.01,76.74,69.77,79.07,72.09,-84.25,false,drawdown,2.56,역효과
낙폭_-40~-50,"drawdownFromHighPct between [-50,-40.0001]",10,cooldown,10,26,36,6.07,1.37,2.68,4.7,4.69,1.22,42.31,-1.97,2.18,18.72,-12.76,96.15,96.15,80.77,73.08,-78.38,false,drawdown,5.57,역효과
낙폭_-50~-60,"drawdownFromHighPct between [-60,-50.0001]",5,cooldown,4,29,33,0.42,5.45,4.84,-5.03,1.09,2.74,65.52,1.75,1.63,13.51,-9.98,82.76,75.86,82.76,79.31,-30.07,false,drawdown,2.56,표본부족
낙폭_-50~-60,"drawdownFromHighPct between [-60,-50.0001]",10,cooldown,2,19,21,1.34,6.69,6.18,-5.35,1.26,2.88,57.89,7.77,2.7,17.14,-12.55,89.47,84.21,100,94.74,-26.75,false,drawdown,5.57,표본부족
낙폭_-60이하,"drawdownFromHighPct between [-999,-60.0001]",5,cooldown,94,5,99,0.17,9.61,0.65,-9.44,1.05,,100,10.99,-0.18,19.46,-5.12,100,100,40,40,0,false,drawdown,2.56,유망
낙폭_-60이하,"drawdownFromHighPct between [-999,-60.0001]",10,cooldown,52,3,55,0.28,12.22,0.93,-11.94,1.06,10.82,66.67,13.82,-4.04,19.77,-7.04,100,100,66.67,66.67,-3.73,false,drawdown,5.57,표본부족
낙폭_lte-10,drawdownFromHighPct lte -10,5,cooldown,423,214,637,0.65,0.59,0.63,0.06,1.25,1.13,50,0.05,-0.7,10.93,-9.25,79.44,64.49,78.5,65.89,-99.46,false,drawdownCut,2.56,역효과
낙폭_lte-10,drawdownFromHighPct lte -10,10,cooldown,235,129,364,1.38,4.09,2.34,-2.71,1.41,1.74,49.61,-0.23,0.25,18.01,-11.36,86.82,75.97,79.84,67.44,-98.88,false,drawdownCut,5.57,역효과
낙폭_lte-15,drawdownFromHighPct lte -15,5,cooldown,394,180,574,0.84,0.12,0.61,0.72,1.33,1.02,48.89,-0.8,-0.73,10.94,-9.7,73.33,62.22,78.89,66.67,-99.18,false,drawdownCut,2.56,역효과
낙폭_lte-15,drawdownFromHighPct lte -15,10,cooldown,219,102,321,1.23,1.38,1.28,-0.15,1.37,1.24,47.06,-1.2,-1.16,15.5,-13.07,83.33,74.51,84.31,72.55,-98.05,false,drawdownCut,5.57,역효과
낙폭_lte-20,drawdownFromHighPct lte -20,5,cooldown,350,155,505,0.85,-0.26,0.51,1.11,1.34,0.95,44.52,-1.39,-0.46,10.27,-10.02,71.61,56.13,80.65,70.97,-98.92,true,drawdownCut,2.56,역효과
낙폭_lte-20,drawdownFromHighPct lte -20,10,cooldown,195,89,284,1.34,0.95,1.22,0.39,1.44,1.18,43.82,-2.52,-0.76,14.31,-12.74,83.15,70.79,83.15,75.28,-96.56,false,drawdownCut,5.57,역효과
낙폭_lte-30,drawdownFromHighPct lte -30,5,cooldown,230,111,341,1.06,-0.1,0.68,1.16,1.43,0.98,51.35,0.04,-0.54,9.9,-10.09,76.58,63.96,81.08,67.57,-94.19,true,drawdownCut,2.56,역효과
낙폭_lte-30,drawdownFromHighPct lte -30,10,cooldown,130,64,194,1.72,0.2,1.22,1.52,1.58,1.03,46.88,-1.01,-0.93,13.99,-13.2,79.69,70.31,89.06,76.56,-93.85,false,drawdownCut,5.57,역효과
낙폭_lte-40,drawdownFromHighPct lte -40,5,cooldown,106,61,167,0.59,1.91,1.07,-1.32,1.18,1.46,55.74,0.88,1.03,12.33,-9.89,83.61,72.13,80.33,72.13,-83.78,false,drawdownCut,2.56,역효과
낙폭_lte-40,drawdownFromHighPct lte -40,10,cooldown,61,39,100,1.47,4.57,2.68,-3.1,1.38,2.02,51.28,2.48,2.07,18.22,-12.29,94.87,89.74,82.05,76.92,-80.18,false,drawdownCut,5.57,역효과
낙폭_lte-50,drawdownFromHighPct lte -50,5,cooldown,96,30,126,0.09,7.93,1.96,-7.84,1.03,4.06,70,6.53,3.06,15.51,-9.13,90,80,76.67,73.33,-27.13,false,drawdownCut,2.56,유망
낙폭_lte-50,drawdownFromHighPct lte -50,10,cooldown,52,19,71,0.28,6.74,2.01,-6.46,1.06,3.56,57.89,3.39,2.67,16.82,-12.18,100,89.47,94.74,89.47,-26.41,false,drawdownCut,5.57,유망
낙폭_lte-60,drawdownFromHighPct lte -60,5,cooldown,94,5,99,0.17,9.61,0.65,-9.44,1.05,,100,10.99,-0.18,19.46,-5.12,100,100,40,40,0,false,drawdownCut,2.56,유망
낙폭_lte-60,drawdownFromHighPct lte -60,10,cooldown,52,3,55,0.28,12.22,0.93,-11.94,1.06,10.82,66.67,13.82,-4.04,19.77,-7.04,100,100,66.67,66.67,-3.73,false,drawdownCut,5.57,표본부족
Risk_0~24,"scoutRiskScore between [0,24]",5,cooldown,350,89,439,0.79,7.48,2.15,-6.69,1.29,4.48,71.91,4.48,0.53,14.03,-4.97,82.02,70.79,49.44,35.96,-40.64,false,risk,2.56,유망
Risk_0~24,"scoutRiskScore between [0,24]",10,cooldown,201,59,260,2.11,12.38,4.44,-10.27,1.61,6.02,72.88,8.8,-0.42,21.78,-6.64,94.92,81.36,61.02,44.07,-38.44,false,risk,5.57,유망
Risk_25~39,"scoutRiskScore between [25,39]",5,cooldown,170,179,349,0.23,2.27,1.28,-2.04,1.08,1.49,56.42,1.85,0.65,12.59,-9.24,82.12,65.36,74.3,59.78,-97.59,false,risk,2.56,역효과
Risk_25~39,"scoutRiskScore between [25,39]",10,cooldown,116,107,223,1.28,5.75,3.43,-4.47,1.36,2.03,61.68,3.95,0.55,20.51,-10.59,86.92,76.64,73.83,57.94,-97.48,false,risk,5.57,유망
Risk_40~50,"scoutRiskScore between [40,50]",5,cooldown,93,109,202,1.52,0.71,1.08,0.81,1.72,1.14,51.38,0.6,-0.15,10.18,-9.47,66.97,58.72,76.15,65.14,-92.5,false,risk,2.56,역효과
Risk_40~50,"scoutRiskScore between [40,50]",10,cooldown,56,73,129,1.28,5.18,3.49,-3.9,1.38,2.02,50.68,1.14,1.46,16.07,-11.67,83.56,73.97,76.71,71.23,-88.09,false,risk,5.57,역효과
Risk_51~64,"scoutRiskScore between [51,64]",5,cooldown,3,38,41,-1.5,-3.63,-3.48,2.13,0.5,0.48,39.47,-3.88,-2.63,8.27,-11.36,71.05,55.26,84.21,68.42,-88.06,false,risk,2.56,표본부족
Risk_51~64,"scoutRiskScore between [51,64]",10,cooldown,2,26,28,3.2,-5.93,-5.28,9.13,,0.39,26.92,-6.86,-3.4,11.84,-14.88,80.77,65.38,92.31,80.77,-91.18,true,risk,5.57,표본부족
Risk_65+,"scoutRiskScore between [65,100]",5,cooldown,0,0,0,,,,,,,,,,,,,,,,0,false,risk,2.56,표본부족
Risk_65+,"scoutRiskScore between [65,100]",10,cooldown,0,0,0,,,,,,,,,,,,,,,,0,false,risk,5.57,표본부족
Risk_lte24,scoutRiskScore lte 24,5,cooldown,350,89,439,0.79,7.48,2.15,-6.69,1.29,4.48,71.91,4.48,0.53,14.03,-4.97,82.02,70.79,49.44,35.96,-40.64,false,riskCut,2.56,유망
Risk_lte24,scoutRiskScore lte 24,10,cooldown,201,59,260,2.11,12.38,4.44,-10.27,1.61,6.02,72.88,8.8,-0.42,21.78,-6.64,94.92,81.36,61.02,44.07,-38.44,false,riskCut,5.57,유망
Risk_lte39,scoutRiskScore lte 39,5,cooldown,436,232,668,0.73,3.54,1.71,-2.81,1.27,1.99,56.9,1.79,0.6,12.3,-8.32,81.9,65.09,70.26,56.03,-96.37,false,riskCut,2.56,유망
Risk_lte39,scoutRiskScore lte 39,10,cooldown,245,129,374,1.75,7,3.56,-5.25,1.52,2.45,62.79,3.99,0.81,20.91,-10.06,88.37,81.4,70.54,55.81,-96.75,false,riskCut,5.57,유망
Risk_lte50,scoutRiskScore lte 50,5,cooldown,480,296,776,1.02,2.52,1.59,-1.5,1.39,1.67,55.41,1.35,-0.05,11.58,-8.27,77.36,63.85,74.32,56.76,-99.18,false,riskCut,2.56,역효과
Risk_lte50,scoutRiskScore lte 50,10,cooldown,260,164,424,1.97,5.5,3.34,-3.53,1.6,2.06,55.49,1.78,0.35,19.1,-10.33,84.76,76.83,75.61,58.54,-98.2,false,riskCut,5.57,역효과
Risk_lte64,scoutRiskScore lte 64,5,cooldown,480,310,790,1.03,2.56,1.63,-1.53,1.4,1.68,54.19,1.29,0,11.59,-8.42,78.06,63.87,74.19,57.74,-99.34,false,riskCut,2.56,유망
Risk_lte64,scoutRiskScore lte 64,10,cooldown,260,170,430,1.97,5.57,3.39,-3.6,1.6,2.17,54.12,1.14,0,19.08,-9.85,86.47,77.06,76.47,58.82,-97.01,false,riskCut,5.57,유망
Stab_<45,scoutStabilizeScore lt 45,5,cooldown,121,67,188,1.11,-0.71,0.46,1.82,1.46,0.86,47.76,-0.55,-0.1,9.59,-10.1,73.13,61.19,76.12,64.18,-94.87,true,stab,2.56,역효과
Stab_<45,scoutStabilizeScore lt 45,10,cooldown,88,46,134,3.02,3.61,3.22,-0.59,2.1,1.64,50,0.98,0.99,17.33,-11.83,86.96,80.43,76.09,65.22,-92.79,false,stab,5.57,역효과
Stab_45~64,"scoutStabilizeScore between [45,64]",5,cooldown,200,107,307,1.21,0.32,0.9,0.89,1.52,1.07,49.53,-0.07,0.13,9.28,-9.12,72.9,61.68,75.7,59.81,-95.21,false,stab,2.56,역효과
Stab_45~64,"scoutStabilizeScore between [45,64]",10,cooldown,141,77,218,1.88,4.23,2.71,-2.35,1.59,1.81,54.55,2.38,1.32,17.55,-11.73,84.42,77.92,81.82,70.13,-95.52,false,stab,5.57,역효과
Stab_65~79,"scoutStabilizeScore between [65,79]",5,cooldown,181,122,303,0.78,3.4,1.84,-2.62,1.28,1.75,52.46,0.62,0.72,11.69,-8.11,76.23,59.02,71.31,53.28,-90.86,false,stab,2.56,유망
Stab_65~79,"scoutStabilizeScore between [65,79]",10,cooldown,138,85,223,1.63,3.98,2.52,-2.35,1.42,1.67,51.76,2.16,0.06,17.38,-11.03,83.53,71.76,77.65,56.47,-90.81,false,stab,5.57,역효과
Stab_80~89,"scoutStabilizeScore between [80,89]",5,cooldown,167,128,295,0.76,3.76,2.06,-3,1.26,2.1,60.94,3.06,-0.45,12.94,-8.04,80.47,66.41,68.75,57.81,-86.9,false,stab,2.56,유망
Stab_80~89,"scoutStabilizeScore between [80,89]",10,cooldown,124,90,214,2.13,5.87,3.71,-3.74,1.59,2.25,56.67,3.43,-1.52,19.32,-10.65,87.78,82.22,82.22,66.67,-87.84,false,stab,5.57,유망
Stab_90+,"scoutStabilizeScore between [90,100]",5,cooldown,144,96,240,1.47,5.07,2.91,-3.6,1.46,2.37,56.25,3.25,1.29,15.85,-7.52,80.21,72.92,70.83,51.04,-59.52,false,stab,2.56,유망
Stab_90+,"scoutStabilizeScore between [90,100]",10,cooldown,96,64,160,2.23,8.51,4.74,-6.28,1.53,2.88,59.38,4.88,1.44,23.77,-9.78,90.63,81.25,76.56,59.38,-73.35,false,stab,5.57,유망
Stab_gte45,scoutStabilizeScore gte 45,5,cooldown,434,280,714,1.01,2.29,1.51,-1.28,1.39,1.54,55,1.24,-0.07,11.52,-8.74,77.14,64.29,71.79,58.93,-99.61,false,stabCut,2.56,역효과
Stab_gte45,scoutStabilizeScore gte 45,10,cooldown,247,157,404,1.87,4.62,2.94,-2.75,1.59,1.87,56.05,2.27,-0.29,17.15,-11.62,81.53,70.06,73.89,65.61,-98.88,false,stabCut,5.57,역효과
Stab_gte65,scoutStabilizeScore gte 65,5,cooldown,325,230,555,1.08,2.52,1.67,-1.44,1.38,1.6,51.3,0.73,-0.15,12.1,-8,75.65,63.91,70.87,54.78,-96.07,false,stabCut,2.56,역효과
Stab_gte65,scoutStabilizeScore gte 65,10,cooldown,195,131,326,1.94,6.15,3.63,-4.21,1.49,2.14,55.73,2.96,-0.06,18.5,-11.27,85.5,76.34,76.34,63.36,-94.63,false,stabCut,5.57,유망
Stab_gte80,scoutStabilizeScore gte 80,5,cooldown,235,172,407,1.19,3.66,2.23,-2.47,1.42,1.97,56.98,1.62,0.01,13.19,-8.08,79.07,65.12,70.93,55.81,-88.23,false,stabCut,2.56,유망
Stab_gte80,scoutStabilizeScore gte 80,10,cooldown,151,105,256,2.18,7.38,4.31,-5.2,1.54,2.74,57.14,5.33,0.41,19.89,-10.99,87.62,77.14,81.9,72.38,-85.16,false,stabCut,5.57,유망
Stab_gte90,scoutStabilizeScore gte 90,5,cooldown,144,96,240,1.47,5.07,2.91,-3.6,1.46,2.37,56.25,3.25,1.29,15.85,-7.52,80.21,72.92,70.83,51.04,-59.52,false,stabCut,2.56,유망
Stab_gte90,scoutStabilizeScore gte 90,10,cooldown,96,64,160,2.23,8.51,4.74,-6.28,1.53,2.88,59.38,4.88,1.44,23.77,-9.78,90.63,81.25,76.56,59.38,-73.35,false,stabCut,5.57,유망
Cheap_0~39,"scoutCheapScore between [0,39]",5,cooldown,338,279,617,1.02,2.45,1.67,-1.43,1.41,1.61,53.41,1.35,-0.03,11.5,-8.47,75.99,62.37,70.97,56.27,-99.34,false,cheap,2.56,역효과
Cheap_0~39,"scoutCheapScore between [0,39]",10,cooldown,188,151,339,2.36,4.86,3.47,-2.5,1.76,1.87,51.66,0.2,-0.02,18.37,-10.55,86.09,71.52,78.15,58.94,-98.97,false,cheap,5.57,역효과
Cheap_40~59,"scoutCheapScore between [40,59]",5,cooldown,60,50,110,-0.41,3.51,1.37,-3.92,0.84,1.99,62,4.02,1.98,12.85,-9.22,84,76,70,60,-56.17,false,cheap,2.56,유망
Cheap_40~59,"scoutCheapScore between [40,59]",10,cooldown,36,31,67,-0.47,2.34,0.83,-2.81,0.87,1.47,45.16,-0.36,1.29,16.89,-12.23,93.55,90.32,83.87,70.97,-68.43,false,cheap,5.57,역효과
Cheap_60~79,"scoutCheapScore between [60,79]",5,cooldown,63,7,70,0.48,10.19,1.45,-9.71,1.18,5.23,71.43,5.64,3.22,16.17,-8.71,85.71,85.71,71.43,57.14,-10.04,false,cheap,2.56,유망
Cheap_60~79,"scoutCheapScore between [60,79]",10,cooldown,38,5,43,0.76,8.98,1.71,-8.22,1.23,3.23,40,-3.68,2.46,19.26,-9.84,100,100,80,60,-19,false,cheap,5.57,유망
Cheap_80+,"scoutCheapScore between [80,100]",5,cooldown,66,3,69,0.59,3.87,0.73,-3.28,1.17,6.25,33.33,-0.82,-3.68,11.7,-6.36,100,66.67,66.67,33.33,-2.2,false,cheap,2.56,표본부족
Cheap_80+,"scoutCheapScore between [80,100]",10,cooldown,39,1,40,2.45,-0.72,2.37,3.17,1.7,0,0,-0.72,-10.82,14.95,-14.27,100,100,100,100,-0.72,false,cheap,5.57,표본부족
Scout_TOP3,"scoutRank between [1,3]",5,cooldown,312,223,535,0.89,2.57,1.59,-1.68,1.36,1.64,54.71,1.9,0.12,11.54,-8.18,76.23,64.57,72.2,57.85,-96.97,false,scoutRank,2.56,유망
Scout_TOP3,"scoutRank between [1,3]",10,cooldown,175,125,300,2.09,5.04,3.32,-2.95,1.67,2.04,55.2,2.36,-0.63,17.49,-10.58,82.4,75.2,77.6,64.8,-96.98,false,scoutRank,5.57,역효과
Scout_TOP5,"scoutRank between [1,5]",5,cooldown,480,310,790,1.03,2.56,1.63,-1.53,1.4,1.68,54.19,1.29,0,11.59,-8.42,78.06,63.87,74.19,57.74,-99.34,false,scoutRank,2.56,유망
Scout_TOP5,"scoutRank between [1,5]",10,cooldown,260,170,430,1.97,5.57,3.39,-3.6,1.6,2.17,54.12,1.14,0,19.08,-9.85,86.47,77.06,76.47,58.82,-97.01,false,scoutRank,5.57,유망
Scout_TOP10,"scoutRank between [1,10]",5,cooldown,480,310,790,1.03,2.56,1.63,-1.53,1.4,1.68,54.19,1.29,0,11.59,-8.42,78.06,63.87,74.19,57.74,-99.34,false,scoutRank,2.56,유망
Scout_TOP10,"scoutRank between [1,10]",10,cooldown,260,170,430,1.97,5.57,3.39,-3.6,1.6,2.17,54.12,1.14,0,19.08,-9.85,86.47,77.06,76.47,58.82,-97.01,false,scoutRank,5.57,유망
Scout_TOP20,"scoutRank between [1,20]",5,cooldown,480,310,790,1.03,2.56,1.63,-1.53,1.4,1.68,54.19,1.29,0,11.59,-8.42,78.06,63.87,74.19,57.74,-99.34,false,scoutRank,2.56,유망
Scout_TOP20,"scoutRank between [1,20]",10,cooldown,260,170,430,1.97,5.57,3.39,-3.6,1.6,2.17,54.12,1.14,0,19.08,-9.85,86.47,77.06,76.47,58.82,-97.01,false,scoutRank,5.57,유망
noNewLow5,noNewLow5,5,cooldown,474,310,784,0.98,2.24,1.47,-1.26,1.37,1.56,54.52,1.36,0,11.42,-8.5,77.74,63.23,73.55,55.81,-99.57,false,noNewLow5,2.56,역효과
noNewLow5,noNewLow5,10,cooldown,258,169,427,1.84,5.24,3.19,-3.4,1.56,2.13,53.25,1.11,0.05,18.61,-10.01,85.21,77.51,79.88,60.36,-96.73,false,noNewLow5,5.57,역효과
반등상태_ready,reboundStateKey eq ready,5,cooldown,190,56,246,0.07,2.19,0.55,-2.12,1.02,1.5,39.29,-2.49,0.04,12,-9.28,66.07,55.36,80.36,69.64,-69.54,false,reboundState,2.56,역효과
반등상태_ready,reboundStateKey eq ready,10,cooldown,129,37,166,1.14,5.72,2.16,-4.58,1.31,2.61,59.46,2.95,0.39,19.45,-10.81,86.49,78.38,78.38,67.57,-60.82,false,reboundState,5.57,유망
반등상태_stopped,reboundStateKey eq stopped,5,cooldown,193,81,274,1.26,-3.02,-0.01,4.28,1.56,0.52,44.44,-1.18,-0.51,8.19,-10.46,65.43,55.56,74.07,64.2,-97.69,true,reboundState,2.56,역효과
반등상태_stopped,reboundStateKey eq stopped,10,cooldown,130,58,188,2.27,-1.5,1.11,3.77,1.74,0.77,41.38,-3.15,-0.67,12.13,-14.27,77.59,68.97,87.93,79.31,-95.86,true,reboundState,5.57,역효과
반등상태_early,reboundStateKey eq early,5,cooldown,247,229,476,1.16,2.95,2.02,-1.79,1.42,1.79,56.33,1.81,0.14,12.38,-8.27,79.91,67.69,73.8,55.9,-98.02,false,reboundState,2.56,유망
반등상태_early,reboundStateKey eq early,10,cooldown,158,134,292,2.9,5.1,3.91,-2.2,1.88,2.02,57.46,2.89,0.24,18.43,-11.64,85.07,76.87,79.85,67.16,-97.71,false,reboundState,5.57,역효과
반등상태_falling,reboundStateKey eq falling,5,cooldown,56,37,93,0.09,0.64,0.31,-0.55,1.04,1.18,51.35,0.41,-2.17,11.4,-8.15,89.19,75.68,78.38,62.16,-64.98,false,reboundState,2.56,역효과
반등상태_falling,reboundStateKey eq falling,10,cooldown,42,29,71,1.39,-0.92,0.45,2.31,1.44,0.87,41.38,-1.63,-2.45,13.45,-12.71,89.66,79.31,82.76,68.97,-86.72,true,reboundState,5.57,역효과
반등상태_risk,reboundStateKey eq risk,5,cooldown,0,0,0,,,,,,,,,,,,,,,,0,false,reboundState,2.56,표본부족
반등상태_risk,reboundStateKey eq risk,10,cooldown,0,0,0,,,,,,,,,,,,,,,,0,false,reboundState,5.57,표본부족
leaderReboundPass,leaderReboundPass,5,cooldown,5,13,18,4.7,3.84,4.08,0.86,3.59,1.71,53.85,3.26,0.68,19.76,-9.39,69.23,69.23,84.62,69.23,-29.16,false,confirmPass,2.56,유망
leaderReboundPass,leaderReboundPass,10,cooldown,3,9,12,8.41,-0.14,1.99,8.55,,0.98,55.56,3.39,-0.86,27.28,-13.41,100,77.78,88.89,66.67,-52.28,true,confirmPass,5.57,표본부족
deepRecoveryPass,deepRecoveryPass,5,cooldown,124,42,166,0.62,1,0.72,-0.38,1.21,1.18,57.14,1.26,1.1,12.03,-10.21,88.1,61.9,69.05,57.14,-86.59,false,confirmPass,2.56,역효과
deepRecoveryPass,deepRecoveryPass,10,cooldown,78,26,104,1.5,2.98,1.87,-1.48,1.46,1.64,57.69,3.67,0.63,16.88,-12.41,84.62,80.77,73.08,65.38,-58.69,false,confirmPass,5.57,역효과
experimentalNakjuPass,experimentalNakjuPass,5,cooldown,1,0,1,20.6,,20.6,,,,,,,,,,,,,0,false,confirmPass,2.56,표본부족
experimentalNakjuPass,experimentalNakjuPass,10,cooldown,1,0,1,15.54,,15.54,,,,,,,,,,,,,0,false,confirmPass,5.57,표본부족
flag_R,R,5,cooldown,0,0,0,,,,,,,,,,,,,,,,0,false,flag,2.56,표본부족
flag_R,R,10,cooldown,0,0,0,,,,,,,,,,,,,,,,0,false,flag,5.57,표본부족
flag_F,F,5,cooldown,9,7,16,0.97,6.61,3.44,-5.64,1.31,2.61,71.43,8.27,-0.39,15.6,-5.96,71.43,57.14,42.86,42.86,-17.19,false,flag,2.56,유망
flag_F,F,10,cooldown,8,7,15,-4.67,23.22,8.34,-27.89,0.16,12.03,71.43,2.29,10.29,36.19,-7.64,85.71,85.71,57.14,57.14,-14.48,false,flag,5.57,유망
flag_F2,F2,5,cooldown,5,4,9,-2.31,15.06,5.41,-17.37,0.39,,100,9.28,-0.6,21.47,-2.53,100,75,25,25,0,false,flag,2.56,표본부족
flag_F2,F2,10,cooldown,5,4,9,-8.96,18.72,3.35,-27.68,0,39.7,75,12.98,0.01,32.09,-4.26,100,100,50,50,-1.94,false,flag,5.57,표본부족
flag_B,B,5,cooldown,19,17,36,0.54,3.2,1.79,-2.66,1.14,1.67,64.71,2.44,-2.89,16.81,-8.81,76.47,58.82,70.59,52.94,-51.69,false,flag,2.56,유망
flag_B,B,10,cooldown,19,14,33,0.02,0.46,0.21,-0.44,1,1.07,42.86,-1.4,-4.6,20.31,-12.3,78.57,71.43,78.57,71.43,-45.48,false,flag,5.57,역효과
flag_C,C,5,cooldown,13,18,31,1.61,3.62,2.78,-2.01,1.4,1.63,50,-0.35,-0.63,20.27,-11.03,83.33,83.33,77.78,72.22,-35.54,false,flag,2.56,유망
flag_C,C,10,cooldown,12,16,28,0.14,4.95,2.89,-4.81,1.02,1.62,43.75,-1.97,0.32,25.7,-15.07,81.25,81.25,93.75,81.25,-56.57,false,flag,5.57,역효과
flag_H2,H2,5,cooldown,1,0,1,20.6,,20.6,,,,,,,,,,,,,0,false,flag,2.56,표본부족
flag_H2,H2,10,cooldown,1,0,1,15.54,,15.54,,,,,,,,,,,,,0,false,flag,5.57,표본부족
flag_H3,H3,5,cooldown,0,0,0,,,,,,,,,,,,,,,,0,false,flag,2.56,표본부족
flag_H3,H3,10,cooldown,0,0,0,,,,,,,,,,,,,,,,0,false,flag,5.57,표본부족
flag_I,I,5,cooldown,82,123,205,0.94,0.13,0.45,0.81,1.29,1.03,43.09,-1.14,-1.04,10.84,-10.23,84.55,69.92,86.99,73.98,-90.16,false,flag,2.56,역효과
flag_I,I,10,cooldown,73,92,165,2.17,1.18,1.62,0.99,1.65,1.2,44.57,-0.81,-1.34,15.03,-13.05,88.04,73.91,86.96,78.26,-97.54,false,flag,5.57,역효과
외인연속_2일+,foreignStreak gte 2,5,cooldown,241,147,388,1.33,2.78,1.88,-1.45,1.47,1.71,55.1,0.79,0.18,12,-7.99,76.87,65.99,70.07,52.38,-93.09,false,foreignStreak,2.56,유망
외인연속_2일+,foreignStreak gte 2,10,cooldown,165,108,273,2.66,3.99,3.19,-1.33,1.78,1.75,50,0.16,0.36,17.94,-10.83,84.26,75,78.7,62.04,-94.09,false,foreignStreak,5.57,역효과
외인연속_3일+,foreignStreak gte 3,5,cooldown,142,77,219,1.02,-0.38,0.53,1.4,1.37,0.92,42.86,-1.39,-0.23,9.95,-9.73,74.03,64.94,76.62,61.04,-88.59,true,foreignStreak,2.56,역효과
외인연속_3일+,foreignStreak gte 3,10,cooldown,106,61,167,2.79,0.31,1.88,2.48,1.81,1.05,49.18,-0.34,-1.84,12.6,-13.58,78.69,65.57,85.25,68.85,-84.34,false,foreignStreak,5.57,역효과
외인연속_5일+,foreignStreak gte 5,5,cooldown,54,23,77,2.33,0.24,1.71,2.09,2,1.05,52.17,0.33,0.55,10.63,-9.4,73.91,65.22,91.3,69.57,-54.03,false,foreignStreak,2.56,역효과
외인연속_5일+,foreignStreak gte 5,10,cooldown,44,19,63,1.9,-2.04,0.71,3.94,1.42,0.78,42.11,-4.93,2.76,16.46,-15.1,78.95,73.68,94.74,84.21,-74.77,true,foreignStreak,5.57,역효과
기관연속_2일+,instStreak gte 2,5,cooldown,277,188,465,1.45,2.85,2.02,-1.4,1.59,1.61,53.72,1.56,0.39,12.38,-9.07,76.6,63.83,75.53,60.64,-98.9,false,instStreak,2.56,유망
기관연속_2일+,instStreak gte 2,10,cooldown,190,119,309,2.58,4.91,3.48,-2.33,1.77,1.75,47.9,-1.53,0.6,18.5,-12.11,80.67,69.75,80.67,71.43,-98.71,false,instStreak,5.57,역효과
기관연속_3일+,instStreak gte 3,5,cooldown,184,119,303,1.3,3.31,2.09,-2.01,1.45,1.73,52.94,0.73,0.13,13.25,-8.45,73.95,63.03,72.27,57.14,-88.26,false,instStreak,2.56,유망
기관연속_3일+,instStreak gte 3,10,cooldown,138,88,226,2.19,2.83,2.44,-0.64,1.62,1.46,45.45,-1.44,-1.04,18.94,-11.31,81.82,73.86,77.27,63.64,-96.88,false,instStreak,5.57,역효과
기관연속_5일+,instStreak gte 5,5,cooldown,74,43,117,-0.53,3.6,0.99,-4.13,0.84,1.83,46.51,-0.7,1.76,13.94,-8.02,76.74,65.12,67.44,53.49,-70.58,false,instStreak,2.56,유망
기관연속_5일+,instStreak gte 5,10,cooldown,63,36,99,1.19,5.06,2.6,-3.87,1.38,1.98,61.11,3.89,0.61,18.51,-11.38,86.11,77.78,72.22,55.56,-83.91,false,instStreak,5.57,역효과
외인or기관_2일+,(foreignStreak gte 2 OR instStreak gte 2),5,cooldown,362,235,597,1.06,2.83,1.76,-1.77,1.38,1.66,54.04,1.38,0.39,12.06,-8.51,77.02,64.26,74.04,56.6,-99.4,false,streakCombo,2.56,유망
외인or기관_2일+,(foreignStreak gte 2 OR instStreak gte 2),10,cooldown,225,139,364,2.46,4.12,3.09,-1.66,1.71,1.66,51.8,1,0.22,18.71,-11.42,84.89,74.82,78.42,67.63,-99.64,false,streakCombo,5.57,역효과
외인and기관_2일+,foreignStreak gte 2 AND instStreak gte 2,5,cooldown,101,64,165,2.18,1.42,1.88,0.76,1.84,1.29,50,0.05,-0.14,11.21,-8.55,81.25,59.38,68.75,54.69,-83.42,false,streakCombo,2.56,역효과
외인and기관_2일+,foreignStreak gte 2 AND instStreak gte 2,10,cooldown,83,48,131,2.32,0.4,1.61,1.92,1.57,1.06,47.92,-0.75,-0.72,14.56,-12.2,79.17,62.5,75,60.42,-91.23,false,streakCombo,5.57,역효과
순매수_합계+,totalNetAmount gt 0,5,cooldown,385,247,632,1.06,2.64,1.68,-1.58,1.39,1.61,54.66,1.8,0.1,11.94,-8.64,73.28,61.54,68.83,56.28,-98.73,false,netAmount,2.56,유망
순매수_합계+,totalNetAmount gt 0,10,cooldown,232,146,378,2.55,4.56,3.33,-2.01,1.73,1.86,55.48,2.41,-0.3,18.48,-10.73,84.93,77.4,76.03,63.01,-98.99,false,netAmount,5.57,역효과
5일누적_외인+,foreignNet5d gt 0,5,cooldown,292,181,473,1.25,2.8,1.84,-1.55,1.48,1.68,53.04,1.12,0.61,12.75,-8.3,77.9,67.4,76.24,54.7,-95.8,false,net5,2.56,유망
5일누적_외인+,foreignNet5d gt 0,10,cooldown,190,116,306,2.35,4.14,3.03,-1.79,1.61,1.78,54.31,2.11,0.27,17.71,-12.07,79.31,70.69,82.76,63.79,-95.92,false,net5,5.57,역효과
5일누적_기관+,instNet5d gt 0,5,cooldown,324,229,553,1.16,2.43,1.69,-1.27,1.45,1.58,50.66,0.29,0.09,11.81,-8.74,72.93,60.26,74.24,58.08,-99.02,false,net5,2.56,역효과
5일누적_기관+,instNet5d gt 0,10,cooldown,205,137,342,2.49,4.88,3.45,-2.39,1.82,1.87,51.82,0.92,0.11,18.35,-11.56,78.83,66.42,80.29,67.88,-98.37,false,net5,5.57,역효과
5일누적_둘중하나+,(foreignNet5d gt 0 OR instNet5d gt 0),5,cooldown,422,273,695,1.09,2.48,1.64,-1.39,1.42,1.63,52.75,1.07,0.29,11.96,-8.51,78.02,65.57,77.29,57.14,-99.07,false,net5,2.56,역효과
5일누적_둘중하나+,(foreignNet5d gt 0 OR instNet5d gt 0),10,cooldown,245,154,399,2.08,4.04,2.84,-1.96,1.61,1.73,50,0.01,0.25,17.37,-11.75,83.77,70.78,77.92,65.58,-99.45,false,net5,5.57,역효과
5일누적_둘다+,foreignNet5d gt 0 AND instNet5d gt 0,5,cooldown,191,122,313,1.54,3.14,2.16,-1.6,1.63,1.78,50.82,0.27,0.37,12.55,-7.89,75.41,65.57,73.77,51.64,-88.74,false,net5,2.56,유망
5일누적_둘다+,foreignNet5d gt 0 AND instNet5d gt 0,10,cooldown,138,83,221,3.14,4.26,3.56,-1.12,1.95,1.8,55.42,2.36,-0.16,18.28,-11.34,80.72,72.29,79.52,63.86,-92,false,net5,5.57,역효과
거래강도_0~29,"liquidityScore between [0,29]",5,cooldown,472,296,768,0.86,1.84,1.24,-0.98,1.31,1.44,55.07,1.54,-0.08,11.14,-8.48,76.01,64.86,71.62,57.43,-99.54,false,liquidity,2.56,역효과
거래강도_0~29,"liquidityScore between [0,29]",10,cooldown,259,162,421,1.57,4.99,2.89,-3.42,1.46,1.94,52.47,1.4,0.05,17.79,-11.19,83.95,75.93,78.4,63.58,-98.6,false,liquidity,5.57,역효과
거래강도_30~39,"liquidityScore between [30,39]",5,cooldown,80,70,150,0.42,3.82,2.01,-3.4,1.14,1.91,55.71,3.16,0.02,14.4,-9.31,80,72.86,72.86,65.71,-79.65,false,liquidity,2.56,유망
거래강도_30~39,"liquidityScore between [30,39]",10,cooldown,67,49,116,0.58,6.72,3.18,-6.14,1.15,2.3,57.14,4,2.03,22.76,-12.12,83.67,77.55,79.59,67.35,-70.71,false,liquidity,5.57,유망
거래강도_40~49,"liquidityScore between [40,49]",5,cooldown,42,38,80,0.44,1.87,1.12,-1.43,1.13,1.39,47.37,-0.33,-0.45,13.14,-9.53,84.21,68.42,81.58,60.53,-51.09,false,liquidity,2.56,역효과
거래강도_40~49,"liquidityScore between [40,49]",10,cooldown,37,31,68,1.32,4.04,2.56,-2.72,1.33,1.54,51.61,0.48,0.02,21.49,-12.9,90.32,74.19,77.42,64.52,-66.55,false,liquidity,5.57,역효과
거래강도_50~59,"liquidityScore between [50,59]",5,cooldown,24,33,57,2.92,-0.34,1.03,3.26,1.8,0.95,42.42,-3.05,-3.06,14.25,-10.48,81.82,69.7,75.76,69.7,-73.72,true,liquidity,2.56,역효과
거래강도_50~59,"liquidityScore between [50,59]",10,cooldown,23,29,52,2.7,0.82,1.65,1.88,1.55,1.12,51.72,2.07,-0.7,18.04,-12.68,79.31,72.41,79.31,75.86,-58.49,false,liquidity,5.57,역효과
거래강도_60~69,"liquidityScore between [60,69]",5,cooldown,15,15,30,2.89,7.44,5.17,-4.55,2.02,3.15,66.67,4.84,4.48,16.53,-7.48,66.67,66.67,86.67,53.33,-21.07,false,liquidity,2.56,유망
거래강도_60~69,"liquidityScore between [60,69]",10,cooldown,15,15,30,-0.63,10,4.68,-10.63,0.87,2.88,40,-1.5,5.87,24.16,-11.2,73.33,66.67,93.33,73.33,-50.44,false,liquidity,5.57,유망
거래강도_70~79,"liquidityScore between [70,79]",5,cooldown,8,11,19,0.72,2.19,1.57,-1.47,1.15,1.3,45.45,-1.57,-1.31,19.05,-13.88,72.73,72.73,90.91,81.82,-36.83,false,liquidity,2.56,역효과
거래강도_70~79,"liquidityScore between [70,79]",10,cooldown,7,10,17,-0.72,5.04,2.67,-5.76,0.92,1.68,40,-1.97,0.67,25.03,-15.73,70,70,100,90,-29.27,false,liquidity,5.57,역효과
거래강도_80~89,"liquidityScore between [80,89]",5,cooldown,6,9,15,3.07,-0.64,0.84,3.71,2.19,0.91,55.56,4.69,-4.21,16.67,-10.5,88.89,88.89,66.67,66.67,-46.9,true,liquidity,2.56,역효과
거래강도_80~89,"liquidityScore between [80,89]",10,cooldown,6,8,14,3.1,-1.33,0.57,4.43,1.68,0.86,50,-3.36,-4.61,21.51,-14.51,87.5,87.5,87.5,75,-49.74,true,liquidity,5.57,역효과
거래강도_90+,"liquidityScore between [90,100]",5,cooldown,0,4,4,,12.51,12.51,,,3.57,50,13.01,7.66,27.88,-6.45,100,100,50,50,-18.6,false,liquidity,2.56,표본부족
거래강도_90+,"liquidityScore between [90,100]",10,cooldown,0,4,4,,8.65,8.65,,,2.2,50,4.65,4.02,28.23,-9.39,100,100,50,50,-26.76,false,liquidity,5.57,표본부족
거래강도_gte40,liquidityScore gte 40,5,cooldown,71,66,137,2.01,3.81,2.88,-1.8,1.64,1.91,51.52,0.61,0.6,15.76,-8.82,83.33,71.21,84.85,66.67,-68.66,false,liquidityCut,2.56,유망
거래강도_gte40,liquidityScore gte 40,10,cooldown,62,47,109,2.18,7.81,4.61,-5.63,1.55,2.26,55.32,2.29,2.64,25.02,-11.21,87.23,76.6,82.98,72.34,-79.86,false,liquidityCut,5.57,유망
거래강도_gte50,liquidityScore gte 50,5,cooldown,38,43,81,2.45,4.66,3.62,-2.21,1.65,2.05,55.81,0.86,0.32,18.85,-8.87,83.72,76.74,83.72,65.12,-53.25,false,liquidityCut,2.56,유망
거래강도_gte50,liquidityScore gte 50,10,cooldown,35,35,70,1.98,7.55,4.77,-5.57,1.41,2.24,57.14,2.29,4.18,26.1,-12.28,80,77.14,85.71,74.29,-65.01,false,liquidityCut,5.57,유망
거래강도_gte60,liquidityScore gte 60,5,cooldown,22,26,48,4.24,4.38,4.32,-0.14,2.65,1.83,53.85,0.84,1.29,18.42,-10.07,69.23,69.23,88.46,69.23,-31.92,false,liquidityCut,2.56,유망
거래강도_gte60,liquidityScore gte 60,10,cooldown,19,24,43,2.74,7.54,5.42,-4.8,1.69,2,41.67,-3.6,2.91,26.65,-14.06,75,70.83,95.83,79.17,-55.68,false,liquidityCut,5.57,유망
거래강도_gte70,liquidityScore gte 70,5,cooldown,13,18,31,1.61,3.62,2.78,-2.01,1.4,1.63,50,-0.35,-0.63,20.27,-11.03,83.33,83.33,77.78,72.22,-35.54,false,liquidityCut,2.56,유망
거래강도_gte70,liquidityScore gte 70,10,cooldown,12,16,28,0.14,4.95,2.89,-4.81,1.02,1.62,43.75,-1.97,0.32,25.7,-15.07,81.25,81.25,93.75,81.25,-56.57,false,liquidityCut,5.57,역효과
거래강도_gte80,liquidityScore gte 80,5,cooldown,6,11,17,3.07,1.27,1.91,1.8,2.19,1.16,45.45,-5.84,-2.01,19.43,-10.01,90.91,90.91,63.64,63.64,-43.36,false,liquidityCut,2.56,역효과
거래강도_gte80,liquidityScore gte 80,10,cooldown,6,10,16,3.1,-0.05,1.13,3.15,1.68,1,40,-10.12,-3.22,23.48,-14.34,90,90,80,70,-48.86,true,liquidityCut,5.57,역효과
거래강도_gte90,liquidityScore gte 90,5,cooldown,0,4,4,,12.51,12.51,,,3.57,50,13.01,7.66,27.88,-6.45,100,100,50,50,-18.6,false,liquidityCut,2.56,표본부족
거래강도_gte90,liquidityScore gte 90,10,cooldown,0,4,4,,8.65,8.65,,,2.2,50,4.65,4.02,28.23,-9.39,100,100,50,50,-26.76,false,liquidityCut,5.57,표본부족
거래대금비_<1,tradingValueRatio20 lt 1,5,cooldown,407,253,660,0.94,2.48,1.53,-1.54,1.36,1.61,54.15,0.76,0.13,11.68,-8.23,82.21,64.82,69.96,54.94,-99.25,false,tvRatio,2.56,역효과
거래대금비_<1,tradingValueRatio20 lt 1,10,cooldown,237,146,383,1.84,6.48,3.61,-4.64,1.53,2.43,56.16,1.88,0.99,19.23,-10.58,84.93,79.45,78.77,60.96,-95.49,false,tvRatio,5.57,유망
거래대금비_1~1.5,"tradingValueRatio20 between [1,1.5]",5,cooldown,283,175,458,1.11,2.59,1.68,-1.48,1.43,1.69,57.71,2.33,-0.54,11.6,-8.25,78.86,65.71,77.71,58.29,-88,false,tvRatio,2.56,유망
거래대금비_1~1.5,"tradingValueRatio20 between [1,1.5]",10,cooldown,186,109,295,2.32,6.51,3.86,-4.19,1.71,2.36,60.55,4.63,0.21,18.14,-10.44,82.57,73.39,78.9,60.55,-92.96,false,tvRatio,5.57,유망
거래대금비_1.5~3,"tradingValueRatio20 between [1.5001,3]",5,cooldown,180,108,288,1.2,4.78,2.54,-3.58,1.41,2.06,55.56,2.04,1.22,14.1,-9.29,80.56,67.59,72.22,60.19,-89.36,false,tvRatio,2.56,유망
거래대금비_1.5~3,"tradingValueRatio20 between [1.5001,3]",10,cooldown,137,77,214,1.82,8,4.05,-6.18,1.54,2.57,57.14,3.99,2.18,21.62,-11.05,84.42,75.32,71.43,57.14,-93.12,false,tvRatio,5.57,유망
거래대금비_3~5,"tradingValueRatio20 between [3.0001,5]",5,cooldown,40,27,67,-1.38,2.15,0.04,-3.53,0.69,1.42,48.15,-0.96,-0.81,16.51,-10.34,77.78,77.78,88.89,77.78,-54.63,false,tvRatio,2.56,역효과
거래대금비_3~5,"tradingValueRatio20 between [3.0001,5]",10,cooldown,36,24,60,-2.45,8.11,1.78,-10.56,0.64,2.69,45.83,-0.48,1.56,24.06,-11.84,79.17,75,87.5,79.17,-36.58,false,tvRatio,5.57,유망
거래대금비_5+,tradingValueRatio20 gte 5,5,cooldown,12,15,27,5.36,2.49,3.77,2.87,2.77,1.48,46.67,-5.32,-2.96,15.8,-7.86,66.67,66.67,73.33,66.67,-46.67,false,tvRatio,2.56,역효과
거래대금비_5+,tradingValueRatio20 gte 5,10,cooldown,10,14,24,6.27,3.68,4.76,2.59,2.72,1.57,50,-3.36,-4.8,21.06,-10.77,64.29,64.29,78.57,71.43,-48.26,false,tvRatio,5.57,역효과
회전율_<1,bodyTurnoverPct lt 1,5,cooldown,443,238,681,1.11,2.25,1.51,-1.14,1.44,1.65,57.14,1.73,-0.64,10,-7.86,73.95,60.5,70.17,55.46,-95.09,false,turnover,2.56,역효과
회전율_<1,bodyTurnoverPct lt 1,10,cooldown,244,137,381,2.03,5.34,3.22,-3.31,1.62,2.17,54.74,2.97,-0.48,17.46,-9.79,86.86,78.83,75.91,63.5,-94.76,false,turnover,5.57,역효과
회전율_1~5,"bodyTurnoverPct between [1,5]",5,cooldown,157,158,315,0.98,2.47,1.73,-1.49,1.32,1.56,51.9,0.49,0.52,12.94,-9.84,79.11,66.46,84.81,72.78,-94.43,false,turnover,2.56,역효과
회전율_1~5,"bodyTurnoverPct between [1,5]",10,cooldown,109,102,211,0.7,3.36,1.99,-2.66,1.17,1.55,46.08,-1.58,0.14,17.94,-13.11,85.29,75.49,86.27,75.49,-97.16,false,turnover,5.57,역효과
회전율_5~10,"bodyTurnoverPct between [5.0001,10]",5,cooldown,14,23,37,4.72,6.67,5.93,-1.95,3.06,2.15,60.87,2.86,3.33,22.07,-10.44,82.61,78.26,78.26,60.87,-41.51,false,turnover,2.56,유망
회전율_5~10,"bodyTurnoverPct between [5.0001,10]",10,cooldown,13,15,28,-0.18,5.78,3.01,-5.96,0.97,1.7,53.33,7.58,3.6,30.99,-13.35,80,80,86.67,66.67,-38.82,false,turnover,5.57,유망
회전율_10+,bodyTurnoverPct gte 10,5,cooldown,5,12,17,-4.2,1.24,-0.36,-5.44,0.35,1.17,41.67,-6.76,-1.56,19.15,-11.55,75,75,83.33,66.67,-34.6,false,turnover,2.56,역효과
회전율_10+,bodyTurnoverPct gte 10,10,cooldown,4,10,14,0.93,-1.01,-0.46,1.94,1.14,0.89,40,-4.07,-2.17,21.41,-14,90,90,80,60,-48.86,true,turnover,5.57,표본부족
스마트머니_본문,smartMoneyBodyPct gte 0.3,5,cooldown,83,70,153,1.73,3.46,2.52,-1.73,1.54,1.83,52.86,1.05,1.03,15.24,-8.66,84.29,70,84.29,65.71,-68.55,false,smartMoney,2.56,유망
스마트머니_본문,smartMoneyBodyPct gte 0.3,10,cooldown,66,45,111,1.72,4.27,2.75,-2.55,1.46,1.55,44.44,-2.38,2.1,22.64,-13.97,82.22,66.67,86.67,77.78,-92.22,false,smartMoney,5.57,역효과
스마트머니_거래비중,smartMoneyTradingSharePct gte 10,5,cooldown,302,181,483,0.82,2.33,1.39,-1.51,1.3,1.58,55.25,1.57,-0.31,11.47,-8.34,76.8,64.09,74.03,56.35,-97.18,false,smartMoney,2.56,역효과
스마트머니_거래비중,smartMoneyTradingSharePct gte 10,10,cooldown,199,113,312,1.9,5.04,3.04,-3.14,1.56,1.9,52.21,1.11,-0.07,18.3,-10.94,83.19,73.45,77.88,63.72,-98.04,false,smartMoney,5.57,역효과
스마트머니_둘중하나,(smartMoneyBodyPct gte 0.3 OR smartMoneyTradingSharePct gte 10),5,cooldown,303,186,489,0.96,2.53,1.55,-1.57,1.36,1.64,55.38,1.4,-0.29,11.71,-8.49,76.88,64.52,76.34,58.06,-95.69,false,smartMoney,2.56,역효과
스마트머니_둘중하나,(smartMoneyBodyPct gte 0.3 OR smartMoneyTradingSharePct gte 10),10,cooldown,200,115,315,2.05,4.46,2.93,-2.41,1.61,1.78,53.04,1.11,-0.09,18.09,-11.16,81.74,72.17,79.13,64.35,-98.64,false,smartMoney,5.57,역효과
스마트머니_둘다,smartMoneyBodyPct gte 0.3 AND smartMoneyTradingSharePct gte 10,5,cooldown,81,66,147,1.81,2.65,2.19,-0.84,1.55,1.56,51.52,0.87,0.52,14.61,-8.6,83.33,68.18,80.3,62.12,-79.38,false,smartMoney,2.56,유망
스마트머니_둘다,smartMoneyBodyPct gte 0.3 AND smartMoneyTradingSharePct gte 10,10,cooldown,65,43,108,1.76,6.6,3.68,-4.84,1.51,1.94,41.86,-2.38,3.44,23.92,-12.54,88.37,72.09,81.4,74.42,-88.82,false,smartMoney,5.57,유망
당일_-10이하,changeRate lte -10,5,cooldown,6,46,52,-2.32,3.41,2.75,-5.73,0.24,2.09,54.35,2.8,-0.24,14.01,-10.89,84.78,82.61,86.96,80.43,-45.85,false,dayChange,2.56,유망
당일_-10이하,changeRate lte -10,10,cooldown,6,39,45,-3.72,-1.51,-1.81,-2.21,0.03,0.77,41.03,-1.41,0.74,17.89,-14.2,92.31,89.74,87.18,84.62,-90.11,false,dayChange,5.57,역효과
당일_-10~-5,"changeRate between [-9.9999,-5]",5,cooldown,83,114,197,0.99,0.16,0.51,0.83,1.3,1.03,46.49,-0.45,-0.87,10.85,-10.44,83.33,65.79,85.09,71.93,-88.4,false,dayChange,2.56,역효과
당일_-10~-5,"changeRate between [-9.9999,-5]",10,cooldown,72,81,153,2.12,2.15,2.13,-0.03,1.6,1.36,46.91,-0.85,-1.43,15.19,-13.3,87.65,72.84,88.89,76.54,-96.46,false,dayChange,5.57,역효과
당일_-5~-2,"changeRate between [-4.9999,-2]",5,cooldown,261,155,416,0.49,2.23,1.14,-1.74,1.16,1.5,53.55,0.88,1.05,12,-8.02,79.35,67.74,70.32,53.55,-96.91,false,dayChange,2.56,역효과
당일_-5~-2,"changeRate between [-4.9999,-2]",10,cooldown,182,106,288,1.66,5.59,3.11,-3.93,1.49,2.19,60.38,3.57,0.94,18.38,-10.94,86.79,78.3,77.36,62.26,-95.85,false,dayChange,5.57,유망
당일_-2~0,"changeRate between [-1.9999,0]",5,cooldown,335,174,509,0.98,1.89,1.29,-0.91,1.38,1.48,55.17,1.15,-0.16,10.7,-7.95,74.14,59.77,67.82,54.02,-93.89,false,dayChange,2.56,역효과
당일_-2~0,"changeRate between [-1.9999,0]",10,cooldown,213,116,329,2.36,4.65,3.17,-2.29,1.7,2.05,56.9,1,-1.09,17.17,-10.42,83.62,77.59,77.59,67.24,-94.52,false,dayChange,5.57,역효과
당일_0~2,"changeRate between [0.0001,2]",5,cooldown,324,174,498,1.23,2.18,1.56,-0.95,1.47,1.53,54.6,1.15,-0.4,10.86,-7.78,72.41,60.92,69.54,53.45,-96.67,false,dayChange,2.56,역효과
당일_0~2,"changeRate between [0.0001,2]",10,cooldown,211,110,321,2.92,5.9,3.94,-2.98,1.96,2.2,55.45,3.09,0.24,17.97,-10.34,87.27,76.36,73.64,59.09,-96.94,false,dayChange,5.57,유망
당일_2~5,"changeRate between [2.0001,5]",5,cooldown,253,165,418,0.87,3.61,1.95,-2.74,1.31,1.99,55.76,2.26,1.18,12.97,-7.75,78.18,66.67,67.27,52.12,-92.86,false,dayChange,2.56,유망
당일_2~5,"changeRate between [2.0001,5]",10,cooldown,181,108,289,1.75,5.36,3.1,-3.61,1.45,2.05,61.11,3.5,-0.04,18.67,-10.63,81.48,73.15,75,62.96,-90.26,false,dayChange,5.57,역효과
당일_5~10,"changeRate between [5.0001,9.9999]",5,cooldown,118,140,258,1.85,0.9,1.33,0.95,1.76,1.18,53.57,1.17,-0.04,10.89,-10.33,73.57,60.71,81.43,70,-98.87,false,dayChange,2.56,역효과
당일_5~10,"changeRate between [5.0001,9.9999]",10,cooldown,98,95,193,2.46,4.04,3.24,-1.58,1.73,1.69,52.63,2.07,0.69,18.2,-12.09,81.05,69.47,81.05,71.58,-96.72,false,dayChange,5.57,역효과
당일_10+,changeRate gte 10,5,cooldown,27,79,106,2.48,2.38,2.41,0.1,1.67,1.46,53.16,1.08,-0.4,14.37,-10.41,84.81,78.48,82.28,73.42,-90.37,false,dayChange,2.56,역효과
당일_10+,changeRate gte 10,10,cooldown,27,57,84,3.89,5.46,4.96,-1.57,1.94,1.85,52.63,2.07,1.47,22.38,-14.01,82.46,78.95,91.23,84.21,-82.94,false,dayChange,5.57,역효과
3일_-10이하,changeRate3d lte -10,5,cooldown,42,81,123,1.74,2.99,2.56,-1.25,1.63,1.77,56.79,2.42,-0.52,13.51,-9.82,88.89,80.25,79.01,67.9,-84.43,false,change3d,2.56,유망
3일_-10이하,changeRate3d lte -10,10,cooldown,38,69,107,3.44,2.98,3.14,0.46,2.17,1.52,46.38,-1.29,-0.52,18.06,-12.59,89.86,81.16,85.51,72.46,-93.23,false,change3d,5.57,역효과
3일_-10~-5,"changeRate3d between [-9.9999,-5]",5,cooldown,155,127,282,1.54,0.13,0.9,1.41,1.57,1.03,51.97,0.36,-0.4,9.98,-9.57,76.38,59.06,81.89,70.08,-91.61,false,change3d,2.56,역효과
3일_-10~-5,"changeRate3d between [-9.9999,-5]",10,cooldown,118,95,213,3.08,2.29,2.73,0.79,1.95,1.42,52.63,0.64,-1.48,14.98,-12.75,82.11,68.42,85.26,74.74,-97.59,false,change3d,5.57,역효과
3일_-5~0,"changeRate3d between [-4.9999,0]",5,cooldown,333,177,510,0.8,0.56,0.72,0.24,1.32,1.12,49.15,-0.06,-0.36,9.93,-9.11,70.62,58.19,68.93,59.89,-98.85,false,change3d,2.56,역효과
3일_-5~0,"changeRate3d between [-4.9999,0]",10,cooldown,215,116,331,1.24,4.78,2.48,-3.54,1.35,1.94,56.9,1.54,-0.23,16.43,-11.43,81.03,71.55,76.72,70.69,-96.98,false,change3d,5.57,역효과
3일_0~5,"changeRate3d between [0.0001,5]",5,cooldown,324,192,516,1.33,1.8,1.51,-0.47,1.55,1.48,55.21,1.3,-0.83,10.2,-7.48,77.08,60.42,64.58,47.92,-96.83,false,change3d,2.56,역효과
3일_0~5,"changeRate3d between [0.0001,5]",10,cooldown,208,125,333,2.45,3.59,2.88,-1.14,1.77,1.64,54.4,1.04,-1.53,16.84,-11.39,82.4,74.4,76.8,64.8,-99.1,false,change3d,5.57,역효과
3일_5~12,"changeRate3d between [5.0001,12]",5,cooldown,197,155,352,1.12,2.75,1.84,-1.63,1.42,1.61,53.55,0.83,-0.42,11.83,-8.76,76.13,59.35,70.32,52.26,-98.11,false,change3d,2.56,유망
3일_5~12,"changeRate3d between [5.0001,12]",10,cooldown,147,102,249,1.68,5.7,3.33,-4.02,1.46,1.98,52.94,1.85,0.31,18.89,-11.77,84.31,71.57,77.45,65.69,-97.81,false,change3d,5.57,유망
3일_12+,changeRate3d gte 12,5,cooldown,50,96,146,2.64,2.68,2.67,-0.04,1.81,1.54,51.04,0.48,1.9,14.71,-9.66,75,69.79,80.21,66.67,-85.13,false,change3d,2.56,유망
3일_12+,changeRate3d gte 12,10,cooldown,47,76,123,3.33,4.19,3.86,-0.86,1.78,1.7,48.68,-2.2,2.26,18.38,-13.28,73.68,65.79,85.53,72.37,-87.8,false,change3d,5.57,역효과
VWAP회복,vwapRecovered,5,cooldown,404,266,670,0.93,2.15,1.42,-1.22,1.35,1.5,55.64,1.26,0.02,11.01,-8.89,74.44,59.77,72.56,57.52,-99.72,false,vwap,2.56,역효과
VWAP회복,vwapRecovered,10,cooldown,243,147,390,1.85,4.74,2.94,-2.89,1.58,1.9,55.78,1.44,-0.52,18.48,-11.43,85.03,73.47,79.59,66.67,-99.42,false,vwap,5.57,역효과
과열,overheat,5,cooldown,53,118,171,2.37,2.43,2.41,-0.06,1.73,1.48,52.54,0.85,0.79,13.99,-9.9,77.97,71.19,81.36,68.64,-92.42,false,overheat,2.56,역효과
과열,overheat,10,cooldown,50,82,132,3.65,5.19,4.61,-1.54,1.91,1.85,52.44,0.72,2.23,19.95,-13.21,78.05,70.73,87.8,75.61,-80.81,false,overheat,5.57,역효과
과열아님,!overheat,5,cooldown,474,298,772,1.02,1.93,1.37,-0.91,1.4,1.46,52.68,0.89,-0.36,11.48,-8.44,77.18,65.1,71.48,58.72,-99.48,false,overheat,2.56,역효과
과열아님,!overheat,10,cooldown,260,163,423,2.09,4.66,3.08,-2.57,1.65,1.81,50.92,0.44,-0.05,17.61,-11.28,83.44,73.01,77.3,61.96,-99.23,false,overheat,5.57,역효과
CAFE,cafePass,5,cooldown,0,0,0,,,,,,,,,,,,,,,,0,false,cafe,2.56,표본부족
CAFE,cafePass,10,cooldown,0,0,0,,,,,,,,,,,,,,,,0,false,cafe,5.57,표본부족
MTT,minerviniPass,5,cooldown,90,201,291,2.44,3.5,3.17,-1.06,2.02,1.92,54.73,1.23,-0.04,12.54,-8.03,75.62,63.68,69.65,51.24,-87.08,false,mtt,2.56,유망
MTT,minerviniPass,10,cooldown,54,111,165,4.95,6.59,6.05,-1.64,2.84,2.32,54.95,3.84,-0.04,20.32,-10.24,88.29,76.58,72.97,57.66,-92.76,false,mtt,5.57,유망
CAFE_AND_MTT,cafePass AND minerviniPass,5,cooldown,0,0,0,,,,,,,,,,,,,,,,0,false,cafeMtt,2.56,표본부족
CAFE_AND_MTT,cafePass AND minerviniPass,10,cooldown,0,0,0,,,,,,,,,,,,,,,,0,false,cafeMtt,5.57,표본부족
CAFE_only,cafePass AND !minerviniPass,5,cooldown,0,0,0,,,,,,,,,,,,,,,,0,false,cafeMtt,2.56,표본부족
CAFE_only,cafePass AND !minerviniPass,10,cooldown,0,0,0,,,,,,,,,,,,,,,,0,false,cafeMtt,5.57,표본부족
MTT_only,minerviniPass AND !cafePass,5,cooldown,90,201,291,2.44,3.5,3.17,-1.06,2.02,1.92,54.73,1.23,-0.04,12.54,-8.03,75.62,63.68,69.65,51.24,-87.08,false,cafeMtt,2.56,유망
MTT_only,minerviniPass AND !cafePass,10,cooldown,54,111,165,4.95,6.59,6.05,-1.64,2.84,2.32,54.95,3.84,-0.04,20.32,-10.24,88.29,76.58,72.97,57.66,-92.76,false,cafeMtt,5.57,유망
종합판정_관망,combinedLabel eq 관망,5,cooldown,454,279,733,1.02,2.32,1.51,-1.3,1.4,1.55,53.41,0.9,0.27,11.33,-8.63,74.91,63.08,73.84,58.06,-99.5,false,combinedLabel,2.56,역효과
종합판정_관망,combinedLabel eq 관망,10,cooldown,258,153,411,1.99,4.08,2.77,-2.09,1.61,1.84,58.82,3.22,-0.82,15.9,-11.65,79.08,70.59,79.74,67.97,-99.14,false,combinedLabel,5.57,역효과
종합판정_관심 관찰,combinedLabel eq 관심 관찰,5,cooldown,197,83,280,1.22,3.12,1.78,-1.9,1.44,1.85,60.24,1.5,-0.93,11.6,-8,75.9,65.06,69.88,49.4,-81.28,false,combinedLabel,2.56,유망
종합판정_관심 관찰,combinedLabel eq 관심 관찰,10,cooldown,139,63,202,2.51,3.67,2.87,-1.16,1.83,1.67,53.97,1,-1.58,17.18,-11.2,82.54,76.19,77.78,57.14,-88.16,false,combinedLabel,5.57,역효과
종합판정_추격주의,combinedLabel eq 추격주의,5,cooldown,53,117,170,2.37,2.55,2.49,-0.18,1.73,1.51,53.85,0.91,0.74,14.06,-9.89,78.63,71.79,81.2,69.23,-91.89,false,combinedLabel,2.56,역효과
종합판정_추격주의,combinedLabel eq 추격주의,10,cooldown,50,82,132,3.65,5.19,4.61,-1.54,1.91,1.85,52.44,0.72,2.23,19.95,-13.21,78.05,70.73,87.8,75.61,-80.81,false,combinedLabel,5.57,역효과
종합판정_매수보류,combinedLabel eq 매수보류,5,cooldown,82,123,205,0.94,0.13,0.45,0.81,1.29,1.03,43.09,-1.14,-1.04,10.84,-10.23,84.55,69.92,86.99,73.98,-90.16,false,combinedLabel,2.56,역효과
종합판정_매수보류,combinedLabel eq 매수보류,10,cooldown,73,92,165,2.17,1.18,1.62,0.99,1.65,1.2,44.57,-0.81,-1.34,15.03,-13.05,88.04,73.91,86.96,78.26,-97.54,false,combinedLabel,5.57,역효과
종합판정_종합 분할후보,combinedLabel eq 종합 분할후보,5,cooldown,8,6,14,2.1,9.63,5.32,-7.53,1.84,4.36,83.33,9.28,0.18,18.17,-4.65,83.33,66.67,33.33,33.33,-17.19,false,combinedLabel,2.56,유망
종합판정_종합 분할후보,combinedLabel eq 종합 분할후보,10,cooldown,7,6,13,-3.27,27.03,10.71,-30.3,0.24,12.01,66.67,12.98,10.41,38.74,-6.61,83.33,83.33,50,50,-14.48,false,combinedLabel,5.57,유망
Gate사유_PASS,gateReason eq PASS,5,cooldown,472,285,757,1.03,2.21,1.48,-1.18,1.39,1.52,53.68,0.9,0,11.1,-8.82,74.04,63.51,74.04,60,-99.3,false,gateReason,2.56,역효과
Gate사유_PASS,gateReason eq PASS,10,cooldown,260,159,419,2.17,4.4,3.01,-2.23,1.67,1.79,54.72,1.17,-0.22,16.9,-11.52,79.87,69.81,77.36,66.04,-99.34,false,gateReason,5.57,역효과
Gate사유_OVERHEAT,gateReason eq OVERHEAT,5,cooldown,53,117,170,2.37,2.55,2.49,-0.18,1.73,1.51,53.85,0.91,0.74,14.06,-9.89,78.63,71.79,81.2,69.23,-91.89,false,gateReason,2.56,역효과
Gate사유_OVERHEAT,gateReason eq OVERHEAT,10,cooldown,50,82,132,3.65,5.19,4.61,-1.54,1.91,1.85,52.44,0.72,2.23,19.95,-13.21,78.05,70.73,87.8,75.61,-80.81,false,gateReason,5.57,역효과
Gate사유_I,gateReason eq I,5,cooldown,82,123,205,0.94,0.13,0.45,0.81,1.29,1.03,43.09,-1.14,-1.04,10.84,-10.23,84.55,69.92,86.99,73.98,-90.16,false,gateReason,2.56,역효과
Gate사유_I,gateReason eq I,10,cooldown,73,92,165,2.17,1.18,1.62,0.99,1.65,1.2,44.57,-0.81,-1.34,15.03,-13.05,88.04,73.91,86.96,78.26,-97.54,false,gateReason,5.57,역효과
정찰상태_관찰 목록,scoutStatus eq 관찰 목록,5,cooldown,340,298,638,1.09,2.21,1.61,-1.12,1.41,1.53,51.01,0.58,-0.06,11.69,-8.58,76.17,64.43,74.16,58.72,-99.24,false,scoutStatus,2.56,역효과
정찰상태_관찰 목록,scoutStatus eq 관찰 목록,10,cooldown,187,165,352,2.15,4.54,3.27,-2.39,1.66,1.84,50.91,0.52,0.16,18.05,-10.92,83.03,71.52,79.39,63.64,-98.19,false,scoutStatus,5.57,역효과
정찰상태_하락 정지 확인,scoutStatus eq 하락 정지 확인,5,cooldown,96,11,107,-0.14,2.89,0.17,-3.03,0.95,2.26,72.73,1.22,2.77,9.16,-5.8,72.73,72.73,72.73,54.55,-15.32,false,scoutStatus,2.56,유망
정찰상태_하락 정지 확인,scoutStatus eq 하락 정지 확인,10,cooldown,62,9,71,0.6,11.93,2.04,-11.33,1.16,26.79,77.78,3.36,3.82,20.22,-6.24,100,88.89,66.67,55.56,-4.14,false,scoutStatus,5.57,유망
정찰상태_1차 매수 검토,scoutStatus eq 1차 매수 검토,5,cooldown,79,7,86,-0.51,3.91,-0.15,-4.42,0.86,2.96,71.43,1.75,3.07,9.49,-6.48,85.71,57.14,71.43,57.14,-11.58,false,scoutStatus,2.56,유망
정찰상태_1차 매수 검토,scoutStatus eq 1차 매수 검토,10,cooldown,56,6,62,-1.06,8.84,-0.1,-9.9,0.77,3.87,50,5.18,4.71,20.86,-8.7,100,83.33,83.33,83.33,-12.16,false,scoutStatus,5.57,유망
정찰상태_정찰병 1주,scoutStatus eq 정찰병 1주,5,cooldown,52,10,62,2.74,1.4,2.53,1.34,2.42,1.31,50,0.85,0.57,11.73,-7.96,90,80,70,40,-37.35,false,scoutStatus,2.56,역효과
정찰상태_정찰병 1주,scoutStatus eq 정찰병 1주,10,cooldown,39,8,47,2.91,12.48,4.54,-9.57,2.01,7.04,62.5,10.76,5.15,21.6,-8.4,100,87.5,75,50,-16.39,false,scoutStatus,5.57,유망